"KOKO MAA"	"Väestö 31.12."	5401267	5426674	5451270	5471753	5487308	5503297	5513130	5517919	5525292	5533793	5548241	5563970
"KOKO MAA"	"Väkiluvun muutos"	25991	25407	24596	20483	15555	15989	9833	4789	7373	8501	14448	15729
"KOKO MAA"	"Väkiluvun muutos, %"	0.5	0.5	0.5	0.4	0.3	0.3	0.2	0.1	0.1	0.2	0.3	0.3
"KOKO MAA"	"Alle 15-vuotiaiden osuus, %"	16.5	16.4	16.4	16.4	16.3	16.2	16.2	16.0	15.8	15.6	15.4	15.1
"KOKO MAA"	"15-64-vuotiaiden osuus, %"	65.4	64.8	64.2	63.7	63.2	62.9	62.5	62.2	62.0	61.7	61.6	61.6
"KOKO MAA"	"65 vuotta täyttäneiden osuus, %"	18.1	18.8	19.4	19.9	20.5	20.9	21.4	21.8	22.3	22.7	23.1	23.3
"KOKO MAA"	"Väestöllinen huoltosuhde"	52.9	54.3	55.8	57.1	58.2	59.1	60.1	60.8	61.4	61.9	62.4	62.3
"KOKO MAA"	"Taloudellinen huoltosuhde"	129.4	131.9	136.8	140.6	143.2	141.8	136.8	132.5	132.8	142.2	133.4	.
"KOKO MAA"	"Keski-ikä, molemmat sukupuolet"	41.6	41.8	41.9	42.1	42.3	42.5	42.7	42.9	43.2	43.4	43.6	43.7
"KOKO MAA"	"Keski-ikä, miehet"	40.2	40.3	40.5	40.7	40.9	41.1	41.3	41.6	41.8	42.1	42.3	42.4
"KOKO MAA"	"Keski-ikä, naiset"	43.0	43.1	43.3	43.4	43.6	43.8	44.0	44.2	44.5	44.7	44.8	45.0
"KOKO MAA"	"Suomenkielisiä"	4863351	4866848	4869362	4868751	4865628	4857795	4848761	4835778	4822690	4811067	4800243	4778891
"KOKO MAA"	"Suomenkielisten osuus, %"	90.0	89.7	89.3	89.0	88.7	88.3	87.9	87.6	87.3	86.9	86.5	85.9
"KOKO MAA"	"Ruotsinkielisiä"	291219	290977	290910	290747	290161	289540	289052	288400	287954	287871	287933	287052
"KOKO MAA"	"Ruotsinkielisten osuus, %"	5.4	5.4	5.3	5.3	5.3	5.3	5.2	5.2	5.2	5.2	5.2	5.2
"KOKO MAA"	"Saamenkielisiä"	1870	1900	1930	1949	1957	1969	1992	1995	2004	2008	2023	2035
"KOKO MAA"	"Vieraskielisiä"	244827	266949	289068	310306	329562	353993	373325	391746	412644	432847	458042	495992
"KOKO MAA"	"Vieraskielisten osuus, %"	4.5	4.9	5.3	5.7	6.0	6.4	6.8	7.1	7.5	7.8	8.3	8.9
"KOKO MAA"	"Ulkomaan kansalaisia"	183133	195511	207511	219675	229765	243639	249452	257572	267629	278917	296464	323686
"KOKO MAA"	"Ulkomaan kansalaisten osuus, %"	3.4	3.6	3.8	4.0	4.2	4.4	4.5	4.7	4.8	5.0	5.3	5.8
"KOKO MAA"	"Ulkomailla syntyneitä"	266148	285471	304279	321977	337162	357541	372802	387215	404179	420766	442290	476857
"KOKO MAA"	"Ulkomailla syntyneiden osuus, %"	4.9	5.3	5.6	5.9	6.1	6.5	6.8	7.0	7.3	7.6	8.0	8.6
"KOKO MAA"	"Ulkomaalaistaustaisia"	257494	279616	301524	322711	339925	364787	384123	402619	423494	444031	469633	508173
"KOKO MAA"	"Ulkomaalaistaustaisten osuus, %"	4.8	5.2	5.5	5.9	6.2	6.6	7.0	7.3	7.7	8.0	8.5	9.1
"KOKO MAA"	"Ev.lut kirkkoon kuuluvien osuus, %"	77.3	76.4	75.3	73.8	73.0	72.0	70.9	69.8	68.7	67.8	66.6	65.2
"KOKO MAA"	"Muihin uskontokuntiin kuuluvien osuus, %"	2.6	2.6	2.6	2.6	2.7	2.7	2.7	2.8	2.8	2.8	2.8	2.8
"KOKO MAA"	"Uskontokuntiin kuulumattomien osuus, %"	20.1	21.0	22.1	23.5	24.3	25.3	26.3	27.4	28.5	29.4	30.6	32.0
"KOKO MAA"	"Maapinta-ala, km²"	303892.77	303890.89	303890.89	303892.46	303900.04	303912.28	303918.51	303921.09	303932.72	303935.17	303947.77	303963.28
"KOKO MAA"	"Väestöntiheys"	17.8	17.9	17.9	18.0	18.1	18.1	18.1	18.2	18.2	18.2	18.3	18.3
"KOKO MAA"	"Alueella syntyneitä, jotka ovat Suomen väestössä"	5064963	5075088	5084866	5091623	5095884	5095433	5093628	5087740	5081683	5077047	5073464	5058111
"KOKO MAA"	"Alueella asuvia, jotka ovat syntyneet alueella"	2444299	2442286	2442056	2440970	2435169	2426837	2416109	2401530	2386847	2373131	2361629	2344850
"KOKO MAA"	"Alueella asuvia, jotka ovat syntyneet muualla"	2956968	2984388	3009214	3030783	3052139	3076460	3097021	3116389	3138445	3160662	3186612	3219120
"KOKO MAA"	"Asuinalueellaan syntyneiden osuus, %"	45.3	45.0	44.8	44.6	44.4	44.1	43.8	43.5	43.2	42.9	42.6	42.1
"KOKO MAA"	"Syntymäalueellaan asuvien osuus, %"	48.3	48.1	48.0	47.9	47.8	47.6	47.4	47.2	47.0	46.7	46.5	46.4
"KOKO MAA"	"Kaupunkialueella asuvien osuus, %"	69.0	69.4	69.7	70.0	70.3	70.6	71.0	71.3	71.7	72.1	72.3	72.7
"KOKO MAA"	"Sisemmällä kaupunkialueella asuvien osuus, %"	34.9	35.1	35.4	35.7	35.9	36.2	36.5	36.8	37.1	37.4	37.5	37.8
"KOKO MAA"	"Ulommalla kaupunkialueella asuvien osuus, %"	23.2	23.3	23.3	23.4	23.5	23.6	23.6	23.7	23.8	23.9	24.1	24.1
"KOKO MAA"	"Kaupungin kehysalueella asuvien osuus, %"	11.0	11.0	11.0	10.9	10.9	10.9	10.9	10.8	10.8	10.8	10.8	10.8
"KOKO MAA"	"Maaseutualueella asuvien osuus, %"	29.8	29.5	29.2	28.9	28.5	28.2	27.8	27.4	27.0	26.7	26.5	26.1
"KOKO MAA"	"Maaseudun paikalliskeskuksissa asuvien osuus, %"	5.9	5.9	5.8	5.8	5.8	5.7	5.7	5.6	5.6	5.5	5.5	5.4
"KOKO MAA"	"Kaupungin läheisellä maaseudulla asuvien osuus, %"	7.6	7.6	7.5	7.5	7.4	7.4	7.3	7.2	7.1	7.1	7.0	6.9
"KOKO MAA"	"Ydinmaaseudulla asuvien osuus, %"	10.6	10.4	10.3	10.2	10.0	9.9	9.7	9.6	9.4	9.3	9.2	9.1
"KOKO MAA"	"Harvaan asutulla maaseudulla asuvien osuus, %"	5.8	5.6	5.5	5.4	5.3	5.2	5.1	5.0	4.9	4.8	4.8	4.7
"MK01 Uusimaa"	"Väestö 31.12."	1549058	1566835	1585473	1603388	1620261	1638293	1655624	1671024	1689725	1702678	1714741	1733033
"MK01 Uusimaa"	"Väkiluvun muutos"	16749	17777	18638	17915	16873	18032	17331	15400	18701	12953	12063	18292
"MK01 Uusimaa"	"Väkiluvun muutos, %"	1.1	1.1	1.2	1.1	1.1	1.1	1.1	0.9	1.1	0.8	0.7	1.1
"MK01 Uusimaa"	"Alle 15-vuotiaiden osuus, %"	16.9	16.9	16.9	16.9	16.9	16.8	16.8	16.6	16.4	16.3	16.1	15.9
"MK01 Uusimaa"	"15-64-vuotiaiden osuus, %"	68.5	68.0	67.5	67.0	66.7	66.4	66.2	66.0	65.9	65.8	65.7	65.9
"MK01 Uusimaa"	"65 vuotta täyttäneiden osuus, %"	14.6	15.1	15.7	16.1	16.5	16.8	17.1	17.4	17.6	17.9	18.1	18.2
"MK01 Uusimaa"	"Väestöllinen huoltosuhde"	46.0	47.1	48.3	49.2	50.0	50.5	51.1	51.5	51.6	51.9	52.1	51.8
"MK01 Uusimaa"	"Taloudellinen huoltosuhde"	105.0	106.8	111.2	115.1	117.3	116.5	113.4	109.5	109.2	121.5	113.5	.
"MK01 Uusimaa"	"Keski-ikä, molemmat sukupuolet"	39.5	39.7	39.8	40.0	40.1	40.2	40.4	40.6	40.8	41.0	41.2	41.3
"MK01 Uusimaa"	"Keski-ikä, miehet"	38.1	38.3	38.4	38.6	38.7	38.9	39.1	39.3	39.5	39.7	39.8	40.0
"MK01 Uusimaa"	"Keski-ikä, naiset"	40.9	41.0	41.1	41.3	41.4	41.5	41.7	41.9	42.1	42.2	42.4	42.5
"MK01 Uusimaa"	"Suomenkielisiä"	1281564	1287069	1293255	1298805	1304226	1308769	1313936	1317276	1321800	1321843	1318960	1315446
"MK01 Uusimaa"	"Suomenkielisten osuus, %"	82.7	82.1	81.6	81.0	80.5	79.9	79.4	78.8	78.2	77.6	76.9	75.9
"MK01 Uusimaa"	"Ruotsinkielisiä"	133992	133764	133611	133215	132760	132206	131770	131212	130829	130539	130308	129648
"MK01 Uusimaa"	"Ruotsinkielisten osuus, %"	8.6	8.5	8.4	8.3	8.2	8.1	8.0	7.9	7.7	7.7	7.6	7.5
"MK01 Uusimaa"	"Saamenkielisiä"	95	108	111	126	121	124	133	132	137	133	142	141
"MK01 Uusimaa"	"Vieraskielisiä"	133407	145894	158496	171242	183154	197194	209785	222404	236959	250163	265331	287798
"MK01 Uusimaa"	"Vieraskielisten osuus, %"	8.6	9.3	10.0	10.7	11.3	12.0	12.7	13.3	14.0	14.7	15.5	16.6
"MK01 Uusimaa"	"Ulkomaan kansalaisia"	94966	102118	109213	116791	123300	130963	135412	141597	149253	156828	167119	182829
"MK01 Uusimaa"	"Ulkomaan kansalaisten osuus, %"	6.1	6.5	6.9	7.3	7.6	8.0	8.2	8.5	8.8	9.2	9.7	10.5
"MK01 Uusimaa"	"Ulkomailla syntyneitä"	131101	141965	152458	162824	172143	183459	193255	202957	214768	225350	237791	257833
"MK01 Uusimaa"	"Ulkomailla syntyneiden osuus, %"	8.5	9.1	9.6	10.2	10.6	11.2	11.7	12.1	12.7	13.2	13.9	14.9
"MK01 Uusimaa"	"Ulkomaalaistaustaisia"	137712	150218	162693	175336	186621	200767	213290	225859	240435	253766	269300	292126
"MK01 Uusimaa"	"Ulkomaalaistaustaisten osuus, %"	8.9	9.6	10.3	10.9	11.5	12.3	12.9	13.5	14.2	14.9	15.7	16.9
"MK01 Uusimaa"	"Ev.lut kirkkoon kuuluvien osuus, %"	68.2	67.1	65.8	64.1	63.0	61.8	60.6	59.3	58.0	56.8	55.4	53.8
"MK01 Uusimaa"	"Muihin uskontokuntiin kuuluvien osuus, %"	3.2	3.2	3.2	3.3	3.3	3.4	3.5	3.5	3.5	3.6	3.7	3.7
"MK01 Uusimaa"	"Uskontokuntiin kuulumattomien osuus, %"	28.6	29.7	31.0	32.6	33.6	34.8	35.9	37.2	38.5	39.6	40.9	42.6
"MK01 Uusimaa"	"Maapinta-ala, km²"	9096.36	9096.83	9096.83	9096.91	9097.33	9097.41	9097.62	9098.33	9098.62	9099.27	9099.20	9102.75
"MK01 Uusimaa"	"Väestöntiheys"	170.3	172.2	174.3	176.3	178.1	180.1	182.0	183.7	185.7	187.1	188.4	190.4
"MK01 Uusimaa"	"Alueella syntyneitä, jotka ovat Suomen väestössä"	1052000	1063150	1074670	1085288	1095528	1104739	1113626	1121742	1129623	1138801	1149274	1156329
"MK01 Uusimaa"	"Alueella asuvia, jotka ovat syntyneet alueella"	887856	896242	905088	913533	921192	928093	934752	940130	945710	950984	956080	958785
"MK01 Uusimaa"	"Alueella asuvia, jotka ovat syntyneet muualla"	661202	670593	680385	689855	699069	710200	720872	730894	744015	751694	758661	774248
"MK01 Uusimaa"	"Asuinalueellaan syntyneiden osuus, %"	57.3	57.2	57.1	57.0	56.9	56.7	56.5	56.3	56.0	55.9	55.8	55.3
"MK01 Uusimaa"	"Syntymäalueellaan asuvien osuus, %"	84.4	84.3	84.2	84.2	84.1	84.0	83.9	83.8	83.7	83.5	83.2	82.9
"MK01 Uusimaa"	"Kaupunkialueella asuvien osuus, %"	89.6	89.7	89.8	89.8	90.0	90.1	90.3	90.5	90.7	91.0	91.0	91.1
"MK01 Uusimaa"	"Sisemmällä kaupunkialueella asuvien osuus, %"	64.4	64.5	64.6	64.8	64.9	65.0	65.2	65.4	65.6	65.6	65.5	65.7
"MK01 Uusimaa"	"Ulommalla kaupunkialueella asuvien osuus, %"	16.2	16.3	16.3	16.2	16.3	16.4	16.5	16.6	16.7	16.8	17.0	17.0
"MK01 Uusimaa"	"Kaupungin kehysalueella asuvien osuus, %"	8.9	8.9	8.8	8.8	8.7	8.7	8.6	8.6	8.5	8.5	8.5	8.4
"MK01 Uusimaa"	"Maaseutualueella asuvien osuus, %"	8.5	8.4	8.3	8.2	8.1	7.9	7.8	7.6	7.5	7.4	7.3	7.2
"MK01 Uusimaa"	"Maaseudun paikalliskeskuksissa asuvien osuus, %"	3.3	3.3	3.2	3.2	3.1	3.1	3.0	3.0	2.9	2.9	2.9	2.8
"MK01 Uusimaa"	"Kaupungin läheisellä maaseudulla asuvien osuus, %"	4.6	4.6	4.5	4.5	4.4	4.3	4.2	4.2	4.1	4.0	4.0	3.9
"MK01 Uusimaa"	"Ydinmaaseudulla asuvien osuus, %"	0.5	0.5	0.5	0.5	0.5	0.5	0.5	0.4	0.4	0.4	0.4	0.4
"MK01 Uusimaa"	"Harvaan asutulla maaseudulla asuvien osuus, %"	0.0	0.0	0.0	0.0	0.0	0.0	0.0	0.0	0.0	0.0	0.0	0.0
"MK02 Varsinais-Suomi"	"Väestö 31.12."	467217	468936	470880	472725	474323	475543	477677	478582	479341	481403	483477	485567
"MK02 Varsinais-Suomi"	"Väkiluvun muutos"	2034	1719	1944	1845	1598	1220	2134	905	759	2062	2074	2090
"MK02 Varsinais-Suomi"	"Väkiluvun muutos, %"	0.4	0.4	0.4	0.4	0.3	0.3	0.4	0.2	0.2	0.4	0.4	0.4
"MK02 Varsinais-Suomi"	"Alle 15-vuotiaiden osuus, %"	15.7	15.6	15.6	15.5	15.4	15.2	15.1	15.0	14.8	14.6	14.5	14.3
"MK02 Varsinais-Suomi"	"15-64-vuotiaiden osuus, %"	65.1	64.5	63.9	63.4	63.0	62.7	62.3	62.1	61.9	61.7	61.5	61.6
"MK02 Varsinais-Suomi"	"65 vuotta täyttäneiden osuus, %"	19.2	19.9	20.6	21.1	21.7	22.1	22.5	22.9	23.3	23.7	24.0	24.1
"MK02 Varsinais-Suomi"	"Väestöllinen huoltosuhde"	53.6	55.1	56.6	57.7	58.8	59.6	60.4	61.0	61.5	62.0	62.5	62.3
"MK02 Varsinais-Suomi"	"Taloudellinen huoltosuhde"	128.0	132.6	137.7	141.4	143.8	141.8	135.1	131.0	131.4	141.8	131.3	.
"MK02 Varsinais-Suomi"	"Keski-ikä, molemmat sukupuolet"	42.3	42.4	42.6	42.8	43.0	43.2	43.3	43.6	43.8	44.0	44.1	44.2
"MK02 Varsinais-Suomi"	"Keski-ikä, miehet"	40.8	40.9	41.1	41.3	41.5	41.8	41.9	42.2	42.4	42.6	42.8	42.9
"MK02 Varsinais-Suomi"	"Keski-ikä, naiset"	43.7	43.9	44.0	44.2	44.4	44.5	44.7	44.9	45.1	45.3	45.5	45.6
"MK02 Varsinais-Suomi"	"Suomenkielisiä"	418375	418197	418420	418393	418380	417784	418099	417242	416228	416169	415917	414795
"MK02 Varsinais-Suomi"	"Suomenkielisten osuus, %"	89.5	89.2	88.9	88.5	88.2	87.9	87.5	87.2	86.8	86.4	86.0	85.4
"MK02 Varsinais-Suomi"	"Ruotsinkielisiä"	26794	26853	26964	27032	27092	27133	27137	27138	27281	27353	27459	27525
"MK02 Varsinais-Suomi"	"Ruotsinkielisten osuus, %"	5.7	5.7	5.7	5.7	5.7	5.7	5.7	5.7	5.7	5.7	5.7	5.7
"MK02 Varsinais-Suomi"	"Saamenkielisiä"	17	18	18	17	20	23	25	21	23	23	22	22
"MK02 Varsinais-Suomi"	"Vieraskielisiä"	22031	23868	25478	27283	28831	30603	32416	34181	35809	37858	40079	43225
"MK02 Varsinais-Suomi"	"Vieraskielisten osuus, %"	4.7	5.1	5.4	5.8	6.1	6.4	6.8	7.1	7.5	7.9	8.3	8.9
"MK02 Varsinais-Suomi"	"Ulkomaan kansalaisia"	15553	16443	17084	18161	18834	19814	20408	21185	21913	23248	24831	27022
"MK02 Varsinais-Suomi"	"Ulkomaan kansalaisten osuus, %"	3.3	3.5	3.6	3.8	4.0	4.2	4.3	4.4	4.6	4.8	5.1	5.6
"MK02 Varsinais-Suomi"	"Ulkomailla syntyneitä"	23203	24708	26082	27547	28690	30092	31544	32898	34140	35892	37824	40651
"MK02 Varsinais-Suomi"	"Ulkomailla syntyneiden osuus, %"	5.0	5.3	5.5	5.8	6.0	6.3	6.6	6.9	7.1	7.5	7.8	8.4
"MK02 Varsinais-Suomi"	"Ulkomaalaistaustaisia"	23239	25062	26658	28515	29883	31666	33506	35255	36828	38932	41119	44368
"MK02 Varsinais-Suomi"	"Ulkomaalaistaustaisten osuus, %"	5.0	5.3	5.7	6.0	6.3	6.7	7.0	7.4	7.7	8.1	8.5	9.1
"MK02 Varsinais-Suomi"	"Ev.lut kirkkoon kuuluvien osuus, %"	78.7	77.9	76.8	75.3	74.5	73.6	72.3	71.2	70.1	69.1	68.0	66.6
"MK02 Varsinais-Suomi"	"Muihin uskontokuntiin kuuluvien osuus, %"	2.0	2.1	2.1	2.1	2.2	2.2	2.3	2.3	2.3	2.3	2.4	2.4
"MK02 Varsinais-Suomi"	"Uskontokuntiin kuulumattomien osuus, %"	19.3	20.1	21.2	22.6	23.3	24.2	25.4	26.5	27.6	28.5	29.6	31.0
"MK02 Varsinais-Suomi"	"Maapinta-ala, km²"	10660.73	10661.22	10661.22	10662.59	10662.83	10663.40	10664.07	10664.53	10665.04	10666.06	10667.72	10667.89
"MK02 Varsinais-Suomi"	"Väestöntiheys"	43.8	44.0	44.2	44.3	44.5	44.6	44.8	44.9	44.9	45.1	45.3	45.5
"MK02 Varsinais-Suomi"	"Alueella syntyneitä, jotka ovat Suomen väestössä"	397834	398716	399594	400410	401032	401158	401213	401100	400895	401054	401218	400459
"MK02 Varsinais-Suomi"	"Alueella asuvia, jotka ovat syntyneet alueella"	312198	312564	312968	313343	313244	312886	312531	311664	310783	310434	310187	309110
"MK02 Varsinais-Suomi"	"Alueella asuvia, jotka ovat syntyneet muualla"	155019	156372	157912	159382	161079	162657	165146	166918	168558	170969	173290	176457
"MK02 Varsinais-Suomi"	"Asuinalueellaan syntyneiden osuus, %"	66.8	66.7	66.5	66.3	66.0	65.8	65.4	65.1	64.8	64.5	64.2	63.7
"MK02 Varsinais-Suomi"	"Syntymäalueellaan asuvien osuus, %"	78.5	78.4	78.3	78.3	78.1	78.0	77.9	77.7	77.5	77.4	77.3	77.2
"MK02 Varsinais-Suomi"	"Kaupunkialueella asuvien osuus, %"	72.9	73.1	73.3	73.6	73.7	73.9	74.1	74.3	74.7	75.0	75.2	75.6
"MK02 Varsinais-Suomi"	"Sisemmällä kaupunkialueella asuvien osuus, %"	32.3	32.5	32.7	33.0	33.0	33.2	33.5	33.7	33.9	34.1	34.1	34.4
"MK02 Varsinais-Suomi"	"Ulommalla kaupunkialueella asuvien osuus, %"	23.9	23.9	23.9	23.9	23.9	24.0	24.0	24.1	24.3	24.3	24.6	24.7
"MK02 Varsinais-Suomi"	"Kaupungin kehysalueella asuvien osuus, %"	16.7	16.8	16.8	16.7	16.7	16.7	16.6	16.5	16.5	16.5	16.5	16.5
"MK02 Varsinais-Suomi"	"Maaseutualueella asuvien osuus, %"	25.8	25.6	25.4	25.3	25.0	24.8	24.6	24.4	24.0	23.8	23.6	23.2
"MK02 Varsinais-Suomi"	"Maaseudun paikalliskeskuksissa asuvien osuus, %"	6.4	6.3	6.3	6.3	6.3	6.2	6.2	6.2	6.2	6.1	6.1	6.0
"MK02 Varsinais-Suomi"	"Kaupungin läheisellä maaseudulla asuvien osuus, %"	9.0	8.9	8.9	8.8	8.8	8.7	8.6	8.5	8.4	8.3	8.2	8.1
"MK02 Varsinais-Suomi"	"Ydinmaaseudulla asuvien osuus, %"	9.8	9.7	9.6	9.5	9.4	9.3	9.2	9.1	9.0	8.9	8.8	8.6
"MK02 Varsinais-Suomi"	"Harvaan asutulla maaseudulla asuvien osuus, %"	0.6	0.6	0.6	0.6	0.6	0.6	0.6	0.6	0.5	0.5	0.5	0.5
"MK04 Satakunta"	"Väestö 31.12."	225302	224934	224556	223983	222957	221740	220398	218624	216752	215416	214281	212556
"MK04 Satakunta"	"Väkiluvun muutos"	-460	-368	-378	-573	-1026	-1217	-1342	-1774	-1872	-1336	-1135	-1725
"MK04 Satakunta"	"Väkiluvun muutos, %"	-0.2	-0.2	-0.2	-0.3	-0.5	-0.5	-0.6	-0.8	-0.9	-0.6	-0.5	-0.8
"MK04 Satakunta"	"Alle 15-vuotiaiden osuus, %"	15.2	15.2	15.2	15.1	15.1	15.0	14.9	14.8	14.5	14.4	14.1	13.9
"MK04 Satakunta"	"15-64-vuotiaiden osuus, %"	63.0	62.2	61.4	60.8	60.2	59.6	59.1	58.6	58.3	58.0	57.8	57.7
"MK04 Satakunta"	"65 vuotta täyttäneiden osuus, %"	21.8	22.6	23.4	24.1	24.8	25.3	26.0	26.6	27.2	27.7	28.1	28.5
"MK04 Satakunta"	"Väestöllinen huoltosuhde"	58.8	60.8	62.8	64.5	66.2	67.7	69.1	70.5	71.5	72.5	73.0	73.5
"MK04 Satakunta"	"Taloudellinen huoltosuhde"	142.7	145.6	149.3	154.7	160.5	161.3	151.4	148.9	150.8	158.1	148.3	.
"MK04 Satakunta"	"Keski-ikä, molemmat sukupuolet"	44.1	44.3	44.4	44.6	44.9	45.1	45.4	45.7	46.0	46.3	46.5	46.7
"MK04 Satakunta"	"Keski-ikä, miehet"	42.4	42.6	42.8	43.0	43.3	43.6	43.8	44.1	44.5	44.8	45.0	45.2
"MK04 Satakunta"	"Keski-ikä, naiset"	45.7	45.9	46.0	46.2	46.4	46.6	46.9	47.1	47.5	47.7	47.9	48.2
"MK04 Satakunta"	"Suomenkielisiä"	220498	219573	218624	217601	216148	214260	212344	210204	208027	206082	204311	202069
"MK04 Satakunta"	"Suomenkielisten osuus, %"	97.9	97.6	97.4	97.2	96.9	96.6	96.3	96.1	96.0	95.7	95.3	95.1
"MK04 Satakunta"	"Ruotsinkielisiä"	773	783	785	775	763	771	779	784	795	789	808	807
"MK04 Satakunta"	"Ruotsinkielisten osuus, %"	0.3	0.3	0.3	0.3	0.3	0.3	0.4	0.4	0.4	0.4	0.4	0.4
"MK04 Satakunta"	"Saamenkielisiä"	4	3	3	2	2	2	2	4	3	2	2	5
"MK04 Satakunta"	"Vieraskielisiä"	4027	4575	5144	5605	6044	6707	7273	7632	7927	8543	9160	9675
"MK04 Satakunta"	"Vieraskielisten osuus, %"	1.8	2.0	2.3	2.5	2.7	3.0	3.3	3.5	3.7	4.0	4.3	4.6
"MK04 Satakunta"	"Ulkomaan kansalaisia"	3340	3805	4268	4631	4941	5479	5833	6095	6280	6756	7276	7722
"MK04 Satakunta"	"Ulkomaan kansalaisten osuus, %"	1.5	1.7	1.9	2.1	2.2	2.5	2.6	2.8	2.9	3.1	3.4	3.6
"MK04 Satakunta"	"Ulkomailla syntyneitä"	5204	5717	6225	6641	6995	7630	8081	8405	8640	9172	9705	10173
"MK04 Satakunta"	"Ulkomailla syntyneiden osuus, %"	2.3	2.5	2.8	3.0	3.1	3.4	3.7	3.8	4.0	4.3	4.5	4.8
"MK04 Satakunta"	"Ulkomaalaistaustaisia"	4323	4873	5412	5853	6220	6904	7451	7803	8117	8704	9351	9864
"MK04 Satakunta"	"Ulkomaalaistaustaisten osuus, %"	1.9	2.2	2.4	2.6	2.8	3.1	3.4	3.6	3.7	4.0	4.4	4.6
"MK04 Satakunta"	"Ev.lut kirkkoon kuuluvien osuus, %"	83.8	83.1	82.3	81.0	80.2	79.2	78.4	77.5	76.6	75.8	74.7	73.5
"MK04 Satakunta"	"Muihin uskontokuntiin kuuluvien osuus, %"	1.4	1.4	1.5	1.5	1.6	1.6	1.6	1.6	1.6	1.6	1.6	1.6
"MK04 Satakunta"	"Uskontokuntiin kuulumattomien osuus, %"	14.8	15.4	16.2	17.5	18.2	19.2	20.0	20.9	21.7	22.6	23.7	24.8
"MK04 Satakunta"	"Maapinta-ala, km²"	7819.05	7819.23	7819.23	7819.96	7819.25	7819.71	7820.23	7820.31	7820.64	7821.14	7822.68	7822.97
"MK04 Satakunta"	"Väestöntiheys"	28.8	28.8	28.7	28.6	28.5	28.4	28.2	28.0	27.7	27.5	27.4	27.2
"MK04 Satakunta"	"Alueella syntyneitä, jotka ovat Suomen väestössä"	248585	247950	247464	246884	246120	245118	244078	242799	241540	240248	238992	237149
"MK04 Satakunta"	"Alueella asuvia, jotka ovat syntyneet alueella"	168777	168153	167544	166859	165721	164356	162973	161363	159741	158281	156952	155116
"MK04 Satakunta"	"Alueella asuvia, jotka ovat syntyneet muualla"	56525	56781	57012	57124	57236	57384	57425	57261	57011	57135	57329	57440
"MK04 Satakunta"	"Asuinalueellaan syntyneiden osuus, %"	74.9	74.8	74.6	74.5	74.3	74.1	73.9	73.8	73.7	73.5	73.2	73.0
"MK04 Satakunta"	"Syntymäalueellaan asuvien osuus, %"	67.9	67.8	67.7	67.6	67.3	67.1	66.8	66.5	66.1	65.9	65.7	65.4
"MK04 Satakunta"	"Kaupunkialueella asuvien osuus, %"	65.7	65.9	66.1	66.2	66.5	66.4	66.6	66.8	66.9	67.1	67.2	67.4
"MK04 Satakunta"	"Sisemmällä kaupunkialueella asuvien osuus, %"	22.3	22.4	22.5	22.6	22.8	22.8	22.9	23.1	23.3	23.5	23.5	23.7
"MK04 Satakunta"	"Ulommalla kaupunkialueella asuvien osuus, %"	22.4	22.5	22.7	22.7	22.8	22.9	23.0	23.1	23.2	23.2	23.3	23.4
"MK04 Satakunta"	"Kaupungin kehysalueella asuvien osuus, %"	21.1	21.0	21.0	20.9	20.9	20.7	20.6	20.6	20.5	20.4	20.3	20.3
"MK04 Satakunta"	"Maaseutualueella asuvien osuus, %"	33.5	33.3	33.1	33.0	32.7	32.6	32.5	32.2	32.1	31.9	31.8	31.5
"MK04 Satakunta"	"Maaseudun paikalliskeskuksissa asuvien osuus, %"	9.5	9.5	9.6	9.6	9.6	9.6	9.6	9.6	9.6	9.5	9.5	9.5
"MK04 Satakunta"	"Kaupungin läheisellä maaseudulla asuvien osuus, %"	5.1	5.0	5.0	5.0	5.0	5.0	5.0	5.0	5.0	5.0	5.0	4.9
"MK04 Satakunta"	"Ydinmaaseudulla asuvien osuus, %"	16.3	16.2	16.0	16.0	15.8	15.6	15.5	15.3	15.2	15.1	15.0	14.9
"MK04 Satakunta"	"Harvaan asutulla maaseudulla asuvien osuus, %"	2.6	2.5	2.5	2.5	2.4	2.4	2.4	2.4	2.3	2.3	2.3	2.2
"MK05 Kanta-Häme"	"Väestö 31.12."	175230	175472	175481	175350	174710	173781	172720	171364	170925	170577	170213	169537
"MK05 Kanta-Häme"	"Väkiluvun muutos"	675	242	9	-131	-640	-929	-1061	-1356	-439	-348	-364	-676
"MK05 Kanta-Häme"	"Väkiluvun muutos, %"	0.4	0.1	0.0	-0.1	-0.4	-0.5	-0.6	-0.8	-0.3	-0.2	-0.2	-0.4
"MK05 Kanta-Häme"	"Alle 15-vuotiaiden osuus, %"	16.6	16.5	16.4	16.3	16.1	16.0	15.8	15.5	15.2	14.9	14.6	14.3
"MK05 Kanta-Häme"	"15-64-vuotiaiden osuus, %"	63.7	63.1	62.5	61.9	61.3	60.8	60.3	59.8	59.5	59.2	59.0	58.8
"MK05 Kanta-Häme"	"65 vuotta täyttäneiden osuus, %"	19.7	20.5	21.1	21.8	22.5	23.2	23.9	24.6	25.3	25.8	26.4	26.9
"MK05 Kanta-Häme"	"Väestöllinen huoltosuhde"	57.0	58.5	60.1	61.6	63.0	64.5	65.9	67.2	68.1	68.8	69.4	70.0
"MK05 Kanta-Häme"	"Taloudellinen huoltosuhde"	130.4	132.5	137.9	141.4	145.6	145.5	142.5	139.0	140.3	146.3	140.7	.
"MK05 Kanta-Häme"	"Keski-ikä, molemmat sukupuolet"	42.7	42.9	43.1	43.4	43.7	44.1	44.4	44.8	45.2	45.5	45.8	46.1
"MK05 Kanta-Häme"	"Keski-ikä, miehet"	41.2	41.4	41.6	41.9	42.2	42.5	42.9	43.2	43.6	43.9	44.2	44.5
"MK05 Kanta-Häme"	"Keski-ikä, naiset"	44.2	44.4	44.6	44.9	45.2	45.5	45.9	46.4	46.7	47.1	47.3	47.6
"MK05 Kanta-Häme"	"Suomenkielisiä"	170357	170014	169451	168865	167858	166490	165143	163734	163052	162367	161771	160582
"MK05 Kanta-Häme"	"Suomenkielisten osuus, %"	97.2	96.9	96.6	96.3	96.1	95.8	95.6	95.5	95.4	95.2	95.0	94.7
"MK05 Kanta-Häme"	"Ruotsinkielisiä"	666	630	634	632	644	652	633	619	645	653	641	651
"MK05 Kanta-Häme"	"Ruotsinkielisten osuus, %"	0.4	0.4	0.4	0.4	0.4	0.4	0.4	0.4	0.4	0.4	0.4	0.4
"MK05 Kanta-Häme"	"Saamenkielisiä"	4	5	6	6	8	9	9	10	7	8	11	7
"MK05 Kanta-Häme"	"Vieraskielisiä"	4203	4823	5390	5847	6200	6630	6935	7001	7221	7549	7790	8297
"MK05 Kanta-Häme"	"Vieraskielisten osuus, %"	2.4	2.7	3.1	3.3	3.5	3.8	4.0	4.1	4.2	4.4	4.6	4.9
"MK05 Kanta-Häme"	"Ulkomaan kansalaisia"	3356	3836	4237	4566	4794	5079	5206	5059	5118	5258	5402	5768
"MK05 Kanta-Häme"	"Ulkomaan kansalaisten osuus, %"	1.9	2.2	2.4	2.6	2.7	2.9	3.0	3.0	3.0	3.1	3.2	3.4
"MK05 Kanta-Häme"	"Ulkomailla syntyneitä"	4901	5481	5960	6361	6638	6962	7199	7213	7359	7606	7820	8281
"MK05 Kanta-Häme"	"Ulkomailla syntyneiden osuus, %"	2.8	3.1	3.4	3.6	3.8	4.0	4.2	4.2	4.3	4.5	4.6	4.9
"MK05 Kanta-Häme"	"Ulkomaalaistaustaisia"	4448	5042	5578	6019	6326	6758	7058	7115	7337	7668	7886	8396
"MK05 Kanta-Häme"	"Ulkomaalaistaustaisten osuus, %"	2.5	2.9	3.2	3.4	3.6	3.9	4.1	4.2	4.3	4.5	4.6	5.0
"MK05 Kanta-Häme"	"Ev.lut kirkkoon kuuluvien osuus, %"	82.1	81.3	80.2	78.7	77.9	76.9	76.0	75.1	74.1	73.2	72.2	71.1
"MK05 Kanta-Häme"	"Muihin uskontokuntiin kuuluvien osuus, %"	1.9	1.8	1.8	1.9	1.9	1.9	2.0	2.0	2.1	2.1	2.1	2.0
"MK05 Kanta-Häme"	"Uskontokuntiin kuulumattomien osuus, %"	16.1	16.8	18.0	19.4	20.2	21.2	22.0	22.9	23.8	24.7	25.7	26.9
"MK05 Kanta-Häme"	"Maapinta-ala, km²"	5199.76	5198.69	5198.69	5198.45	5198.49	5198.68	5198.69	5198.75	5198.85	5199.15	5199.24	5199.25
"MK05 Kanta-Häme"	"Väestöntiheys"	33.7	33.8	33.8	33.7	33.6	33.4	33.2	33.0	32.9	32.8	32.7	32.6
"MK05 Kanta-Häme"	"Alueella syntyneitä, jotka ovat Suomen väestössä"	157255	157373	157491	157611	157577	157282	157036	156604	156148	155614	155144	154466
"MK05 Kanta-Häme"	"Alueella asuvia, jotka ovat syntyneet alueella"	96758	96736	96546	96423	96032	95376	94800	93971	93448	92802	92232	91468
"MK05 Kanta-Häme"	"Alueella asuvia, jotka ovat syntyneet muualla"	78472	78736	78935	78927	78678	78405	77920	77393	77477	77775	77981	78069
"MK05 Kanta-Häme"	"Asuinalueellaan syntyneiden osuus, %"	55.2	55.1	55.0	55.0	55.0	54.9	54.9	54.8	54.7	54.4	54.2	54.0
"MK05 Kanta-Häme"	"Syntymäalueellaan asuvien osuus, %"	61.5	61.5	61.3	61.2	60.9	60.6	60.4	60.0	59.8	59.6	59.4	59.2
"MK05 Kanta-Häme"	"Kaupunkialueella asuvien osuus, %"	75.0	75.2	75.3	75.4	75.6	75.8	75.8	76.1	76.3	76.4	76.4	76.6
"MK05 Kanta-Häme"	"Sisemmällä kaupunkialueella asuvien osuus, %"	24.8	24.7	24.8	24.9	25.0	25.2	25.3	25.6	26.0	26.3	26.4	26.6
"MK05 Kanta-Häme"	"Ulommalla kaupunkialueella asuvien osuus, %"	27.7	27.9	27.9	28.0	28.1	28.1	28.1	28.0	27.9	27.9	27.7	27.8
"MK05 Kanta-Häme"	"Kaupungin kehysalueella asuvien osuus, %"	22.6	22.6	22.5	22.4	22.5	22.5	22.4	22.4	22.3	22.2	22.3	22.3
"MK05 Kanta-Häme"	"Maaseutualueella asuvien osuus, %"	24.1	23.9	23.9	23.7	23.5	23.4	23.2	23.0	22.8	22.7	22.6	22.4
"MK05 Kanta-Häme"	"Maaseudun paikalliskeskuksissa asuvien osuus, %"	0.0	0.0	0.0	0.0	0.0	0.0	0.0	0.0	0.0	0.0	0.0	0.0
"MK05 Kanta-Häme"	"Kaupungin läheisellä maaseudulla asuvien osuus, %"	21.8	21.6	21.5	21.4	21.3	21.1	21.0	20.7	20.6	20.5	20.5	20.3
"MK05 Kanta-Häme"	"Ydinmaaseudulla asuvien osuus, %"	2.1	2.1	2.1	2.1	2.0	2.0	2.0	2.0	2.0	2.0	2.0	1.9
"MK05 Kanta-Häme"	"Harvaan asutulla maaseudulla asuvien osuus, %"	0.2	0.2	0.2	0.2	0.2	0.2	0.2	0.2	0.2	0.2	0.2	0.2
"MK06 Pirkanmaa"	"Väestö 31.12."	495242	499006	502575	505756	508448	511642	514333	517333	519872	522852	527478	532671
"MK06 Pirkanmaa"	"Väkiluvun muutos"	3496	3764	3569	3181	2692	3194	2691	3000	2539	2980	4626	5193
"MK06 Pirkanmaa"	"Väkiluvun muutos, %"	0.7	0.8	0.7	0.6	0.5	0.6	0.5	0.6	0.5	0.6	0.9	1.0
"MK06 Pirkanmaa"	"Alle 15-vuotiaiden osuus, %"	16.3	16.4	16.4	16.4	16.3	16.3	16.2	16.0	15.7	15.4	15.2	14.8
"MK06 Pirkanmaa"	"15-64-vuotiaiden osuus, %"	65.5	64.9	64.2	63.7	63.3	63.0	62.7	62.6	62.5	62.5	62.5	62.8
"MK06 Pirkanmaa"	"65 vuotta täyttäneiden osuus, %"	18.2	18.8	19.4	19.9	20.3	20.7	21.1	21.4	21.8	22.1	22.3	22.4
"MK06 Pirkanmaa"	"Väestöllinen huoltosuhde"	52.7	54.2	55.7	56.9	57.9	58.7	59.4	59.7	60.0	60.0	60.0	59.3
"MK06 Pirkanmaa"	"Taloudellinen huoltosuhde"	130.4	133.6	140.8	145.0	147.2	146.0	137.9	132.3	133.0	140.3	129.5	.
"MK06 Pirkanmaa"	"Keski-ikä, molemmat sukupuolet"	41.4	41.5	41.6	41.8	41.9	42.1	42.2	42.4	42.6	42.8	43.0	43.0
"MK06 Pirkanmaa"	"Keski-ikä, miehet"	39.8	40.0	40.2	40.3	40.5	40.7	40.9	41.0	41.3	41.5	41.7	41.8
"MK06 Pirkanmaa"	"Keski-ikä, naiset"	42.8	42.9	43.1	43.2	43.3	43.4	43.6	43.8	44.0	44.1	44.2	44.3
"MK06 Pirkanmaa"	"Suomenkielisiä"	476525	479116	481253	483354	485027	486723	488315	490338	491669	493909	496763	498771
"MK06 Pirkanmaa"	"Suomenkielisten osuus, %"	96.2	96.0	95.8	95.6	95.4	95.1	94.9	94.8	94.6	94.5	94.2	93.6
"MK06 Pirkanmaa"	"Ruotsinkielisiä"	1807	1855	1843	1854	1888	1918	1961	1973	1983	1992	2053	2056
"MK06 Pirkanmaa"	"Ruotsinkielisten osuus, %"	0.4	0.4	0.4	0.4	0.4	0.4	0.4	0.4	0.4	0.4	0.4	0.4
"MK06 Pirkanmaa"	"Saamenkielisiä"	24	21	23	24	23	23	27	25	31	30	33	34
"MK06 Pirkanmaa"	"Vieraskielisiä"	16886	18014	19456	20524	21510	22978	24030	24997	26189	26921	28629	31810
"MK06 Pirkanmaa"	"Vieraskielisten osuus, %"	3.4	3.6	3.9	4.1	4.2	4.5	4.7	4.8	5.0	5.1	5.4	6.0
"MK06 Pirkanmaa"	"Ulkomaan kansalaisia"	12382	12689	13336	13765	14231	15063	15330	15696	16347	16589	17716	20203
"MK06 Pirkanmaa"	"Ulkomaan kansalaisten osuus, %"	2.5	2.5	2.7	2.7	2.8	2.9	3.0	3.0	3.1	3.2	3.4	3.8
"MK06 Pirkanmaa"	"Ulkomailla syntyneitä"	18706	19650	20878	21779	22579	23846	24636	25469	26545	27123	28645	31681
"MK06 Pirkanmaa"	"Ulkomailla syntyneiden osuus, %"	3.8	3.9	4.2	4.3	4.4	4.7	4.8	4.9	5.1	5.2	5.4	5.9
"MK06 Pirkanmaa"	"Ulkomaalaistaustaisia"	17395	18498	19920	20969	21776	23276	24283	25250	26409	27150	28811	32062
"MK06 Pirkanmaa"	"Ulkomaalaistaustaisten osuus, %"	3.5	3.7	4.0	4.1	4.3	4.5	4.7	4.9	5.1	5.2	5.5	6.0
"MK06 Pirkanmaa"	"Ev.lut kirkkoon kuuluvien osuus, %"	75.8	75.1	74.0	72.6	71.8	71.0	70.1	69.1	68.1	67.3	66.2	64.7
"MK06 Pirkanmaa"	"Muihin uskontokuntiin kuuluvien osuus, %"	2.2	2.2	2.3	2.4	2.5	2.5	2.5	2.5	2.5	2.6	2.5	2.5
"MK06 Pirkanmaa"	"Uskontokuntiin kuulumattomien osuus, %"	22.0	22.7	23.7	25.0	25.7	26.6	27.3	28.4	29.4	30.1	31.3	32.8
"MK06 Pirkanmaa"	"Maapinta-ala, km²"	13245.27	13245.74	13245.74	13246.45	13246.32	13246.28	13247.56	13248.21	13248.56	13248.71	13249.33	13249.22
"MK06 Pirkanmaa"	"Väestöntiheys"	37.4	37.7	37.9	38.2	38.4	38.6	38.8	39.0	39.2	39.5	39.8	40.2
"MK06 Pirkanmaa"	"Alueella syntyneitä, jotka ovat Suomen väestössä"	426229	428026	429573	430725	431774	432349	432839	432920	433075	433322	433755	433076
"MK06 Pirkanmaa"	"Alueella asuvia, jotka ovat syntyneet alueella"	314654	316145	317205	317992	318515	318514	318425	318333	318031	317918	318349	317996
"MK06 Pirkanmaa"	"Alueella asuvia, jotka ovat syntyneet muualla"	180588	182861	185370	187764	189933	193128	195908	199000	201841	204934	209129	214675
"MK06 Pirkanmaa"	"Asuinalueellaan syntyneiden osuus, %"	63.5	63.4	63.1	62.9	62.6	62.3	61.9	61.5	61.2	60.8	60.4	59.7
"MK06 Pirkanmaa"	"Syntymäalueellaan asuvien osuus, %"	73.8	73.9	73.8	73.8	73.8	73.7	73.6	73.5	73.4	73.4	73.4	73.4
"MK06 Pirkanmaa"	"Kaupunkialueella asuvien osuus, %"	70.7	71.1	71.5	71.9	72.2	72.5	72.9	73.3	73.8	74.3	74.6	75.0
"MK06 Pirkanmaa"	"Sisemmällä kaupunkialueella asuvien osuus, %"	36.6	36.7	36.9	37.0	37.1	37.2	37.4	37.6	37.8	38.1	38.1	38.3
"MK06 Pirkanmaa"	"Ulommalla kaupunkialueella asuvien osuus, %"	28.4	28.6	28.7	29.0	29.2	29.4	29.7	29.9	30.2	30.5	30.8	31.1
"MK06 Pirkanmaa"	"Kaupungin kehysalueella asuvien osuus, %"	5.8	5.8	5.9	5.8	5.8	5.8	5.8	5.7	5.7	5.7	5.7	5.7
"MK06 Pirkanmaa"	"Maaseutualueella asuvien osuus, %"	28.3	28.0	27.6	27.2	26.9	26.4	26.0	25.5	25.1	24.7	24.4	23.9
"MK06 Pirkanmaa"	"Maaseudun paikalliskeskuksissa asuvien osuus, %"	6.9	6.8	6.7	6.7	6.6	6.5	6.4	6.3	6.3	6.2	6.1	6.0
"MK06 Pirkanmaa"	"Kaupungin läheisellä maaseudulla asuvien osuus, %"	8.5	8.5	8.4	8.4	8.3	8.2	8.1	7.9	7.8	7.7	7.6	7.5
"MK06 Pirkanmaa"	"Ydinmaaseudulla asuvien osuus, %"	9.9	9.7	9.5	9.3	9.2	9.0	8.8	8.6	8.4	8.3	8.2	8.0
"MK06 Pirkanmaa"	"Harvaan asutulla maaseudulla asuvien osuus, %"	3.1	3.0	2.9	2.9	2.8	2.7	2.7	2.6	2.6	2.5	2.4	2.4
"MK07 Päijät-Häme"	"Väestö 31.12."	209238	209503	209405	208959	208525	208574	208048	207394	206315	205771	205124	204528
"MK07 Päijät-Häme"	"Väkiluvun muutos"	461	265	-98	-446	-434	49	-526	-654	-1079	-544	-647	-596
"MK07 Päijät-Häme"	"Väkiluvun muutos, %"	0.2	0.1	0.0	-0.2	-0.2	0.0	-0.3	-0.3	-0.5	-0.3	-0.3	-0.3
"MK07 Päijät-Häme"	"Alle 15-vuotiaiden osuus, %"	15.3	15.2	15.2	15.2	15.0	14.9	14.9	14.7	14.4	14.2	14.0	13.7
"MK07 Päijät-Häme"	"15-64-vuotiaiden osuus, %"	64.1	63.3	62.4	61.6	60.9	60.4	59.7	59.3	58.9	58.5	58.2	58.2
"MK07 Päijät-Häme"	"65 vuotta täyttäneiden osuus, %"	20.6	21.5	22.4	23.2	24.1	24.7	25.4	26.0	26.7	27.3	27.7	28.1
"MK07 Päijät-Häme"	"Väestöllinen huoltosuhde"	56.1	58.0	60.3	62.3	64.2	65.7	67.4	68.8	69.9	70.9	71.7	71.9
"MK07 Päijät-Häme"	"Taloudellinen huoltosuhde"	142.7	145.4	153.0	159.5	161.2	159.0	156.8	153.7	154.8	165.4	155.2	.
"MK07 Päijät-Häme"	"Keski-ikä, molemmat sukupuolet"	43.5	43.7	44.0	44.2	44.5	44.8	45.1	45.4	45.7	46.1	46.3	46.6
"MK07 Päijät-Häme"	"Keski-ikä, miehet"	41.8	42.1	42.3	42.6	42.9	43.1	43.4	43.7	44.1	44.4	44.7	44.9
"MK07 Päijät-Häme"	"Keski-ikä, naiset"	45.1	45.3	45.5	45.8	46.0	46.3	46.6	46.9	47.3	47.6	47.9	48.1
"MK07 Päijät-Häme"	"Suomenkielisiä"	201468	201131	200626	199769	198934	198172	197094	195926	194426	193469	192307	190938
"MK07 Päijät-Häme"	"Suomenkielisten osuus, %"	96.3	96.0	95.8	95.6	95.4	95.0	94.7	94.5	94.2	94.0	93.8	93.4
"MK07 Päijät-Häme"	"Ruotsinkielisiä"	673	682	681	693	689	710	712	738	741	764	773	778
"MK07 Päijät-Häme"	"Ruotsinkielisten osuus, %"	0.3	0.3	0.3	0.3	0.3	0.3	0.3	0.4	0.4	0.4	0.4	0.4
"MK07 Päijät-Häme"	"Saamenkielisiä"	17	21	21	22	22	24	21	25	27	28	30	33
"MK07 Päijät-Häme"	"Vieraskielisiä"	7080	7669	8077	8475	8880	9668	10221	10705	11121	11510	12014	12779
"MK07 Päijät-Häme"	"Vieraskielisten osuus, %"	3.4	3.7	3.9	4.1	4.3	4.6	4.9	5.2	5.4	5.6	5.9	6.2
"MK07 Päijät-Häme"	"Ulkomaan kansalaisia"	5334	5680	5866	5975	6079	6618	6820	7126	7221	7387	7663	8171
"MK07 Päijät-Häme"	"Ulkomaan kansalaisten osuus, %"	2.5	2.7	2.8	2.9	2.9	3.2	3.3	3.4	3.5	3.6	3.7	4.0
"MK07 Päijät-Häme"	"Ulkomailla syntyneitä"	8005	8501	8828	9106	9411	10127	10577	10971	11272	11557	11965	12681
"MK07 Päijät-Häme"	"Ulkomailla syntyneiden osuus, %"	3.8	4.1	4.2	4.4	4.5	4.9	5.1	5.3	5.5	5.6	5.8	6.2
"MK07 Päijät-Häme"	"Ulkomaalaistaustaisia"	7507	8081	8470	8857	9202	9993	10572	11064	11414	11818	12310	13104
"MK07 Päijät-Häme"	"Ulkomaalaistaustaisten osuus, %"	3.6	3.9	4.0	4.2	4.4	4.8	5.1	5.3	5.5	5.7	6.0	6.4
"MK07 Päijät-Häme"	"Ev.lut kirkkoon kuuluvien osuus, %"	77.3	76.4	75.3	73.9	73.1	72.1	71.0	69.9	68.9	68.0	66.9	65.6
"MK07 Päijät-Häme"	"Muihin uskontokuntiin kuuluvien osuus, %"	2.4	2.4	2.4	2.4	2.4	2.4	2.5	2.5	2.5	2.5	2.5	2.5
"MK07 Päijät-Häme"	"Uskontokuntiin kuulumattomien osuus, %"	20.4	21.2	22.3	23.7	24.5	25.5	26.5	27.6	28.7	29.5	30.6	31.9
"MK07 Päijät-Häme"	"Maapinta-ala, km²"	5714.44	5714.25	5714.25	5714.14	5714.20	5714.48	5713.57	5713.57	5713.53	5713.72	5713.73	5714.65
"MK07 Päijät-Häme"	"Väestöntiheys"	36.6	36.7	36.6	36.6	36.5	36.5	36.4	36.3	36.1	36.0	35.9	35.8
"MK07 Päijät-Häme"	"Alueella syntyneitä, jotka ovat Suomen väestössä"	179443	179975	180349	180551	180756	180792	180805	180768	180563	180485	180356	179918
"MK07 Päijät-Häme"	"Alueella asuvia, jotka ovat syntyneet alueella"	116672	116749	116766	116611	116379	116174	115782	115260	114562	114112	113763	113112
"MK07 Päijät-Häme"	"Alueella asuvia, jotka ovat syntyneet muualla"	92566	92754	92639	92348	92146	92400	92266	92134	91753	91659	91361	91416
"MK07 Päijät-Häme"	"Asuinalueellaan syntyneiden osuus, %"	55.8	55.7	55.8	55.8	55.8	55.7	55.7	55.6	55.5	55.5	55.5	55.3
"MK07 Päijät-Häme"	"Syntymäalueellaan asuvien osuus, %"	65.0	64.9	64.7	64.6	64.4	64.3	64.0	63.8	63.4	63.2	63.1	62.9
"MK07 Päijät-Häme"	"Kaupunkialueella asuvien osuus, %"	77.4	77.6	77.7	77.9	78.0	78.2	78.4	78.6	78.8	79.3	79.5	79.3
"MK07 Päijät-Häme"	"Sisemmällä kaupunkialueella asuvien osuus, %"	31.8	32.0	32.1	32.3	32.4	32.6	32.9	33.2	33.3	33.9	33.9	33.8
"MK07 Päijät-Häme"	"Ulommalla kaupunkialueella asuvien osuus, %"	29.9	29.9	29.9	30.0	30.0	29.9	29.9	29.9	30.0	29.9	30.1	30.1
"MK07 Päijät-Häme"	"Kaupungin kehysalueella asuvien osuus, %"	15.6	15.7	15.7	15.7	15.7	15.6	15.7	15.6	15.5	15.5	15.5	15.5
"MK07 Päijät-Häme"	"Maaseutualueella asuvien osuus, %"	21.7	21.4	21.3	21.2	21.0	20.8	20.6	20.3	20.1	20.0	19.8	19.6
"MK07 Päijät-Häme"	"Maaseudun paikalliskeskuksissa asuvien osuus, %"	4.4	4.4	4.4	4.4	4.4	4.4	4.4	4.4	4.4	4.4	4.4	4.3
"MK07 Päijät-Häme"	"Kaupungin läheisellä maaseudulla asuvien osuus, %"	8.9	8.9	8.8	8.8	8.7	8.6	8.6	8.4	8.4	8.3	8.2	8.2
"MK07 Päijät-Häme"	"Ydinmaaseudulla asuvien osuus, %"	7.2	7.0	7.0	6.9	6.8	6.7	6.6	6.5	6.4	6.3	6.2	6.1
"MK07 Päijät-Häme"	"Harvaan asutulla maaseudulla asuvien osuus, %"	1.2	1.1	1.1	1.1	1.1	1.1	1.0	1.0	1.0	1.0	1.0	1.0
"MK08 Kymenlaakso"	"Väestö 31.12."	174827	174466	173864	172908	171778	170770	168691	166623	164456	162812	161391	159488
"MK08 Kymenlaakso"	"Väkiluvun muutos"	-550	-361	-602	-956	-1130	-1008	-2079	-2068	-2167	-1644	-1421	-1903
"MK08 Kymenlaakso"	"Väkiluvun muutos, %"	-0.3	-0.2	-0.3	-0.5	-0.7	-0.6	-1.2	-1.2	-1.3	-1.0	-0.9	-1.2
"MK08 Kymenlaakso"	"Alle 15-vuotiaiden osuus, %"	14.6	14.5	14.4	14.3	14.2	14.0	13.8	13.6	13.3	13.1	12.9	12.6
"MK08 Kymenlaakso"	"15-64-vuotiaiden osuus, %"	63.5	62.7	62.0	61.3	60.7	60.2	59.6	59.1	58.7	58.3	57.9	57.7
"MK08 Kymenlaakso"	"65 vuotta täyttäneiden osuus, %"	21.9	22.7	23.5	24.4	25.1	25.7	26.6	27.3	28.0	28.6	29.2	29.7
"MK08 Kymenlaakso"	"Väestöllinen huoltosuhde"	57.4	59.4	61.2	63.1	64.8	66.0	67.9	69.2	70.4	71.5	72.6	73.3
"MK08 Kymenlaakso"	"Taloudellinen huoltosuhde"	153.9	157.3	163.1	168.1	174.4	173.6	166.5	159.7	161.2	167.6	160.2	.
"MK08 Kymenlaakso"	"Keski-ikä, molemmat sukupuolet"	44.6	44.8	45.0	45.3	45.6	45.9	46.3	46.7	47.1	47.4	47.7	48.0
"MK08 Kymenlaakso"	"Keski-ikä, miehet"	42.9	43.1	43.4	43.7	44.0	44.3	44.7	45.1	45.5	45.8	46.1	46.3
"MK08 Kymenlaakso"	"Keski-ikä, naiset"	46.2	46.4	46.6	46.9	47.1	47.4	47.9	48.3	48.7	49.0	49.3	49.7
"MK08 Kymenlaakso"	"Suomenkielisiä"	165793	164713	163520	162095	160669	159075	157204	155233	153172	151417	149966	147890
"MK08 Kymenlaakso"	"Suomenkielisten osuus, %"	94.8	94.4	94.1	93.7	93.5	93.2	93.2	93.2	93.1	93.0	92.9	92.7
"MK08 Kymenlaakso"	"Ruotsinkielisiä"	1401	1393	1366	1354	1336	1322	1310	1273	1228	1237	1219	1199
"MK08 Kymenlaakso"	"Ruotsinkielisten osuus, %"	0.8	0.8	0.8	0.8	0.8	0.8	0.8	0.8	0.7	0.8	0.8	0.8
"MK08 Kymenlaakso"	"Saamenkielisiä"	3	2	3	4	4	3	3	4	3	3	4	4
"MK08 Kymenlaakso"	"Vieraskielisiä"	7630	8358	8975	9455	9769	10370	10174	10113	10053	10155	10202	10395
"MK08 Kymenlaakso"	"Vieraskielisten osuus, %"	4.4	4.8	5.2	5.5	5.7	6.1	6.0	6.1	6.1	6.2	6.3	6.5
"MK08 Kymenlaakso"	"Ulkomaan kansalaisia"	5907	6326	6608	6868	6900	7124	6616	6399	6183	6169	6095	6076
"MK08 Kymenlaakso"	"Ulkomaan kansalaisten osuus, %"	3.4	3.6	3.8	4.0	4.0	4.2	3.9	3.8	3.8	3.8	3.8	3.8
"MK08 Kymenlaakso"	"Ulkomailla syntyneitä"	7970	8612	9128	9521	9754	10243	10022	9917	9824	9877	9874	10035
"MK08 Kymenlaakso"	"Ulkomailla syntyneiden osuus, %"	4.6	4.9	5.3	5.5	5.7	6.0	5.9	6.0	6.0	6.1	6.1	6.3
"MK08 Kymenlaakso"	"Ulkomaalaistaustaisia"	7911	8649	9261	9739	10004	10640	10462	10399	10334	10454	10527	10714
"MK08 Kymenlaakso"	"Ulkomaalaistaustaisten osuus, %"	4.5	5.0	5.3	5.6	5.8	6.2	6.2	6.2	6.3	6.4	6.5	6.7
"MK08 Kymenlaakso"	"Ev.lut kirkkoon kuuluvien osuus, %"	78.8	77.8	76.7	75.3	74.4	73.3	72.6	71.6	70.7	69.9	69.0	67.9
"MK08 Kymenlaakso"	"Muihin uskontokuntiin kuuluvien osuus, %"	2.3	2.3	2.3	2.3	2.4	2.4	2.5	2.5	2.5	2.5	2.4	2.4
"MK08 Kymenlaakso"	"Uskontokuntiin kuulumattomien osuus, %"	19.0	19.9	21.0	22.4	23.2	24.2	24.9	25.9	26.8	27.6	28.6	29.7
"MK08 Kymenlaakso"	"Maapinta-ala, km²"	4557.97	4558.40	4558.40	4558.95	4559.10	4559.20	4559.03	4559.28	4558.51	4558.54	4558.72	4559.38
"MK08 Kymenlaakso"	"Väestöntiheys"	38.4	38.3	38.1	37.9	37.7	37.5	37.0	36.5	36.1	35.7	35.4	35.0
"MK08 Kymenlaakso"	"Alueella syntyneitä, jotka ovat Suomen väestössä"	176258	175963	175661	175332	174829	174310	173598	172679	171815	170941	169996	168725
"MK08 Kymenlaakso"	"Alueella asuvia, jotka ovat syntyneet alueella"	116328	115919	115316	114647	113942	113000	111897	110668	109383	108310	107306	106015
"MK08 Kymenlaakso"	"Alueella asuvia, jotka ovat syntyneet muualla"	58499	58547	58548	58261	57836	57770	56794	55955	55073	54502	54085	53473
"MK08 Kymenlaakso"	"Asuinalueellaan syntyneiden osuus, %"	66.5	66.4	66.3	66.3	66.3	66.2	66.3	66.4	66.5	66.5	66.5	66.5
"MK08 Kymenlaakso"	"Syntymäalueellaan asuvien osuus, %"	66.0	65.9	65.6	65.4	65.2	64.8	64.5	64.1	63.7	63.4	63.1	62.8
"MK08 Kymenlaakso"	"Kaupunkialueella asuvien osuus, %"	80.3	80.4	80.5	80.6	80.6	80.8	80.9	81.1	81.3	81.4	81.5	81.6
"MK08 Kymenlaakso"	"Sisemmällä kaupunkialueella asuvien osuus, %"	16.2	16.3	16.4	16.4	16.5	16.6	16.7	16.8	16.8	16.9	16.9	17.0
"MK08 Kymenlaakso"	"Ulommalla kaupunkialueella asuvien osuus, %"	48.5	48.5	48.5	48.5	48.5	48.5	48.5	48.5	48.6	48.6	48.6	48.6
"MK08 Kymenlaakso"	"Kaupungin kehysalueella asuvien osuus, %"	15.7	15.6	15.7	15.7	15.7	15.7	15.8	15.8	15.9	15.9	15.9	15.9
"MK08 Kymenlaakso"	"Maaseutualueella asuvien osuus, %"	19.0	18.8	18.7	18.6	18.4	18.2	18.1	18.0	17.8	17.8	17.7	17.6
"MK08 Kymenlaakso"	"Maaseudun paikalliskeskuksissa asuvien osuus, %"	3.6	3.6	3.6	3.5	3.5	3.5	3.5	3.5	3.5	3.5	3.5	3.4
"MK08 Kymenlaakso"	"Kaupungin läheisellä maaseudulla asuvien osuus, %"	11.2	11.0	11.0	11.0	10.9	10.8	10.7	10.6	10.5	10.5	10.4	10.4
"MK08 Kymenlaakso"	"Ydinmaaseudulla asuvien osuus, %"	3.5	3.5	3.4	3.4	3.4	3.3	3.3	3.2	3.2	3.2	3.2	3.2
"MK08 Kymenlaakso"	"Harvaan asutulla maaseudulla asuvien osuus, %"	0.7	0.7	0.7	0.7	0.7	0.6	0.6	0.6	0.6	0.6	0.6	0.6
"MK09 Etelä-Karjala"	"Väestö 31.12."	132527	132355	132252	131764	131155	130506	129865	128756	127757	126921	126107	125353
"MK09 Etelä-Karjala"	"Väkiluvun muutos"	-372	-172	-103	-488	-609	-649	-641	-1109	-999	-836	-814	-754
"MK09 Etelä-Karjala"	"Väkiluvun muutos, %"	-0.3	-0.1	-0.1	-0.4	-0.5	-0.5	-0.5	-0.9	-0.8	-0.7	-0.6	-0.6
"MK09 Etelä-Karjala"	"Alle 15-vuotiaiden osuus, %"	14.2	14.1	14.1	14.0	14.0	13.9	13.8	13.6	13.3	13.0	12.8	12.6
"MK09 Etelä-Karjala"	"15-64-vuotiaiden osuus, %"	63.7	63.0	62.3	61.7	61.0	60.6	60.1	59.7	59.3	59.0	58.7	58.6
"MK09 Etelä-Karjala"	"65 vuotta täyttäneiden osuus, %"	22.1	22.9	23.6	24.3	25.0	25.5	26.1	26.8	27.4	28.0	28.5	28.9
"MK09 Etelä-Karjala"	"Väestöllinen huoltosuhde"	57.1	58.8	60.6	62.2	63.9	64.9	66.4	67.6	68.7	69.5	70.3	70.7
"MK09 Etelä-Karjala"	"Taloudellinen huoltosuhde"	149.1	150.9	154.1	158.8	164.5	165.0	160.7	156.0	159.7	167.4	158.9	.
"MK09 Etelä-Karjala"	"Keski-ikä, molemmat sukupuolet"	44.6	44.9	45.0	45.2	45.5	45.7	45.9	46.3	46.6	46.8	47.1	47.3
"MK09 Etelä-Karjala"	"Keski-ikä, miehet"	42.9	43.1	43.3	43.5	43.7	44.0	44.2	44.5	44.8	45.0	45.3	45.5
"MK09 Etelä-Karjala"	"Keski-ikä, naiset"	46.4	46.6	46.7	46.9	47.2	47.4	47.7	48.0	48.3	48.6	48.9	49.1
"MK09 Etelä-Karjala"	"Suomenkielisiä"	126981	126287	125757	124858	123880	122820	121923	120656	119444	118423	117324	115884
"MK09 Etelä-Karjala"	"Suomenkielisten osuus, %"	95.8	95.4	95.1	94.8	94.5	94.1	93.9	93.7	93.5	93.3	93.0	92.4
"MK09 Etelä-Karjala"	"Ruotsinkielisiä"	204	217	210	219	209	206	226	224	219	223	215	216
"MK09 Etelä-Karjala"	"Ruotsinkielisten osuus, %"	0.2	0.2	0.2	0.2	0.2	0.2	0.2	0.2	0.2	0.2	0.2	0.2
"MK09 Etelä-Karjala"	"Saamenkielisiä"	2	2	2	2	2	2	2	2	2	3	3	3
"MK09 Etelä-Karjala"	"Vieraskielisiä"	5340	5849	6283	6685	7064	7478	7714	7874	8092	8272	8565	9250
"MK09 Etelä-Karjala"	"Vieraskielisten osuus, %"	4.0	4.4	4.8	5.1	5.4	5.7	5.9	6.1	6.3	6.5	6.8	7.4
"MK09 Etelä-Karjala"	"Ulkomaan kansalaisia"	3908	4179	4421	4588	4764	4974	4882	4776	4785	4838	5061	5605
"MK09 Etelä-Karjala"	"Ulkomaan kansalaisten osuus, %"	2.9	3.2	3.3	3.5	3.6	3.8	3.8	3.7	3.7	3.8	4.0	4.5
"MK09 Etelä-Karjala"	"Ulkomailla syntyneitä"	5739	6195	6573	6937	7206	7559	7731	7835	8000	8144	8418	9069
"MK09 Etelä-Karjala"	"Ulkomailla syntyneiden osuus, %"	4.3	4.7	5.0	5.3	5.5	5.8	6.0	6.1	6.3	6.4	6.7	7.2
"MK09 Etelä-Karjala"	"Ulkomaalaistaustaisia"	5618	6123	6567	6969	7320	7739	7977	8144	8351	8509	8786	9478
"MK09 Etelä-Karjala"	"Ulkomaalaistaustaisten osuus, %"	4.2	4.6	5.0	5.3	5.6	5.9	6.1	6.3	6.5	6.7	7.0	7.6
"MK09 Etelä-Karjala"	"Ev.lut kirkkoon kuuluvien osuus, %"	82.3	81.4	80.2	78.7	77.7	76.8	75.7	74.6	73.5	72.7	71.7	70.3
"MK09 Etelä-Karjala"	"Muihin uskontokuntiin kuuluvien osuus, %"	2.1	2.1	2.2	2.2	2.3	2.3	2.3	2.5	2.5	2.5	2.4	2.4
"MK09 Etelä-Karjala"	"Uskontokuntiin kuulumattomien osuus, %"	15.6	16.5	17.6	19.1	20.0	21.0	22.0	22.9	24.0	24.8	25.9	27.3
"MK09 Etelä-Karjala"	"Maapinta-ala, km²"	5329.10	5329.07	5329.07	5329.11	5328.31	5326.91	5327.04	5326.56	5326.36	5326.37	5326.30	5326.37
"MK09 Etelä-Karjala"	"Väestöntiheys"	24.9	24.8	24.8	24.7	24.6	24.5	24.4	24.2	24.0	23.8	23.7	23.5
"MK09 Etelä-Karjala"	"Alueella syntyneitä, jotka ovat Suomen väestössä"	145285	144560	143807	142991	142196	141202	140272	139066	137888	136756	135564	134215
"MK09 Etelä-Karjala"	"Alueella asuvia, jotka ovat syntyneet alueella"	88638	88167	87781	87216	86599	85863	85210	84150	83193	82291	81442	80479
"MK09 Etelä-Karjala"	"Alueella asuvia, jotka ovat syntyneet muualla"	43889	44188	44471	44548	44556	44643	44655	44606	44564	44630	44665	44874
"MK09 Etelä-Karjala"	"Asuinalueellaan syntyneiden osuus, %"	66.9	66.6	66.4	66.2	66.0	65.8	65.6	65.4	65.1	64.8	64.6	64.2
"MK09 Etelä-Karjala"	"Syntymäalueellaan asuvien osuus, %"	61.0	61.0	61.0	61.0	60.9	60.8	60.7	60.5	60.3	60.2	60.1	60.0
"MK09 Etelä-Karjala"	"Kaupunkialueella asuvien osuus, %"	71.8	72.1	72.3	72.8	73.0	73.0	73.3	73.5	73.8	74.0	74.1	74.3
"MK09 Etelä-Karjala"	"Sisemmällä kaupunkialueella asuvien osuus, %"	13.7	13.8	14.0	14.1	14.4	14.4	14.7	15.0	15.3	15.6	15.8	16.0
"MK09 Etelä-Karjala"	"Ulommalla kaupunkialueella asuvien osuus, %"	46.1	46.3	46.4	46.7	46.7	46.8	46.7	46.8	46.9	46.9	46.8	46.8
"MK09 Etelä-Karjala"	"Kaupungin kehysalueella asuvien osuus, %"	12.0	12.0	12.0	11.9	11.9	11.9	11.9	11.7	11.6	11.6	11.6	11.6
"MK09 Etelä-Karjala"	"Maaseutualueella asuvien osuus, %"	27.3	27.0	26.9	26.6	26.3	26.1	25.8	25.6	25.4	25.4	25.3	24.9
"MK09 Etelä-Karjala"	"Maaseudun paikalliskeskuksissa asuvien osuus, %"	5.3	5.3	5.3	5.3	5.3	5.3	5.3	5.3	5.3	5.5	5.5	5.2
"MK09 Etelä-Karjala"	"Kaupungin läheisellä maaseudulla asuvien osuus, %"	7.8	7.7	7.7	7.7	7.6	7.6	7.5	7.5	7.4	7.4	7.3	7.3
"MK09 Etelä-Karjala"	"Ydinmaaseudulla asuvien osuus, %"	11.4	11.3	11.1	11.0	10.8	10.6	10.5	10.3	10.2	10.1	10.0	10.0
"MK09 Etelä-Karjala"	"Harvaan asutulla maaseudulla asuvien osuus, %"	2.9	2.8	2.7	2.7	2.6	2.6	2.5	2.5	2.5	2.4	2.4	2.3
"MK10 Etelä-Savo"	"Väestö 31.12."	145353	144393	143638	142746	141621	140422	138822	136474	134314	132702	131688	130451
"MK10 Etelä-Savo"	"Väkiluvun muutos"	-813	-960	-755	-892	-1125	-1199	-1600	-2348	-2160	-1612	-1014	-1237
"MK10 Etelä-Savo"	"Väkiluvun muutos, %"	-0.6	-0.7	-0.5	-0.6	-0.8	-0.8	-1.1	-1.7	-1.6	-1.2	-0.8	-0.9
"MK10 Etelä-Savo"	"Alle 15-vuotiaiden osuus, %"	13.8	13.6	13.5	13.4	13.3	13.1	13.0	12.8	12.6	12.4	12.1	11.9
"MK10 Etelä-Savo"	"15-64-vuotiaiden osuus, %"	62.2	61.4	60.7	60.0	59.3	58.8	58.0	57.3	56.6	55.9	55.4	55.1
"MK10 Etelä-Savo"	"65 vuotta täyttäneiden osuus, %"	24.1	25.0	25.9	26.6	27.4	28.1	29.0	29.9	30.9	31.7	32.5	33.0
"MK10 Etelä-Savo"	"Väestöllinen huoltosuhde"	60.9	62.8	64.8	66.7	68.5	70.1	72.3	74.6	76.8	78.8	80.4	81.5
"MK10 Etelä-Savo"	"Taloudellinen huoltosuhde"	156.2	158.8	163.8	166.9	174.0	170.1	167.6	163.5	166.1	173.2	165.4	.
"MK10 Etelä-Savo"	"Keski-ikä, molemmat sukupuolet"	46.0	46.3	46.6	46.8	47.1	47.4	47.7	48.2	48.6	49.0	49.3	49.5
"MK10 Etelä-Savo"	"Keski-ikä, miehet"	44.3	44.7	44.9	45.2	45.5	45.7	46.1	46.6	47.0	47.4	47.7	48.0
"MK10 Etelä-Savo"	"Keski-ikä, naiset"	47.6	47.9	48.2	48.4	48.7	48.9	49.2	49.7	50.2	50.6	50.8	51.0
"MK10 Etelä-Savo"	"Suomenkielisiä"	141995	140765	139776	138701	137309	135772	134156	131739	129481	127832	126741	125109
"MK10 Etelä-Savo"	"Suomenkielisten osuus, %"	97.7	97.5	97.3	97.2	97.0	96.7	96.6	96.5	96.4	96.3	96.2	95.9
"MK10 Etelä-Savo"	"Ruotsinkielisiä"	200	195	203	210	209	205	204	209	208	211	217	220
"MK10 Etelä-Savo"	"Ruotsinkielisten osuus, %"	0.1	0.1	0.1	0.1	0.1	0.1	0.1	0.2	0.2	0.2	0.2	0.2
"MK10 Etelä-Savo"	"Saamenkielisiä"	4	2	1	1	1	0	0	2	3	3	1	1
"MK10 Etelä-Savo"	"Vieraskielisiä"	3154	3431	3658	3834	4102	4445	4462	4524	4622	4656	4729	5121
"MK10 Etelä-Savo"	"Vieraskielisten osuus, %"	2.2	2.4	2.5	2.7	2.9	3.2	3.2	3.3	3.4	3.5	3.6	3.9
"MK10 Etelä-Savo"	"Ulkomaan kansalaisia"	2376	2522	2619	2685	2862	3092	3002	3018	2988	2968	2974	3311
"MK10 Etelä-Savo"	"Ulkomaan kansalaisten osuus, %"	1.6	1.7	1.8	1.9	2.0	2.2	2.2	2.2	2.2	2.2	2.3	2.5
"MK10 Etelä-Savo"	"Ulkomailla syntyneitä"	3454	3701	3880	4060	4312	4601	4588	4637	4682	4713	4771	5162
"MK10 Etelä-Savo"	"Ulkomailla syntyneiden osuus, %"	2.4	2.6	2.7	2.8	3.0	3.3	3.3	3.4	3.5	3.6	3.6	4.0
"MK10 Etelä-Savo"	"Ulkomaalaistaustaisia"	3282	3554	3773	3948	4182	4529	4530	4595	4703	4745	4797	5190
"MK10 Etelä-Savo"	"Ulkomaalaistaustaisten osuus, %"	2.3	2.5	2.6	2.8	3.0	3.2	3.3	3.4	3.5	3.6	3.6	4.0
"MK10 Etelä-Savo"	"Ev.lut kirkkoon kuuluvien osuus, %"	84.5	83.8	83.0	81.9	81.1	80.2	79.5	78.6	77.5	76.7	75.7	74.4
"MK10 Etelä-Savo"	"Muihin uskontokuntiin kuuluvien osuus, %"	2.0	2.0	2.0	2.0	2.1	2.0	2.1	2.1	2.1	2.1	2.1	2.1
"MK10 Etelä-Savo"	"Uskontokuntiin kuulumattomien osuus, %"	13.5	14.1	15.0	16.1	16.8	17.8	18.5	19.4	20.5	21.2	22.2	23.6
"MK10 Etelä-Savo"	"Maapinta-ala, km²"	12655.60	12654.92	12654.92	12652.48	12652.31	12651.78	12651.96	12651.25	12651.29	12651.54	12651.57	12651.95
"MK10 Etelä-Savo"	"Väestöntiheys"	11.5	11.4	11.4	11.3	11.2	11.1	11.0	10.8	10.6	10.5	10.4	10.3
"MK10 Etelä-Savo"	"Alueella syntyneitä, jotka ovat Suomen väestössä"	184078	182788	181673	180323	178875	177373	175889	174270	172553	170965	169184	166995
"MK10 Etelä-Savo"	"Alueella asuvia, jotka ovat syntyneet alueella"	99170	98210	97421	96492	95406	94184	92973	91553	90103	88825	87741	86424
"MK10 Etelä-Savo"	"Alueella asuvia, jotka ovat syntyneet muualla"	46183	46183	46217	46254	46215	46238	45849	44921	44211	43877	43947	44027
"MK10 Etelä-Savo"	"Asuinalueellaan syntyneiden osuus, %"	68.2	68.0	67.8	67.6	67.4	67.1	67.0	67.1	67.1	66.9	66.6	66.3
"MK10 Etelä-Savo"	"Syntymäalueellaan asuvien osuus, %"	53.9	53.7	53.6	53.5	53.3	53.1	52.9	52.5	52.2	52.0	51.9	51.8
"MK10 Etelä-Savo"	"Kaupunkialueella asuvien osuus, %"	45.9	46.2	46.6	46.8	47.0	47.3	47.5	47.5	47.7	47.9	48.0	48.3
"MK10 Etelä-Savo"	"Sisemmällä kaupunkialueella asuvien osuus, %"	15.6	15.6	15.9	16.0	16.1	16.4	16.6	16.6	16.8	16.9	16.9	17.2
"MK10 Etelä-Savo"	"Ulommalla kaupunkialueella asuvien osuus, %"	24.6	24.8	24.9	25.1	25.1	25.0	25.1	25.0	25.0	25.1	25.2	25.2
"MK10 Etelä-Savo"	"Kaupungin kehysalueella asuvien osuus, %"	5.7	5.8	5.8	5.8	5.8	5.8	5.8	5.9	5.9	5.9	5.9	6.0
"MK10 Etelä-Savo"	"Maaseutualueella asuvien osuus, %"	53.4	53.1	52.7	52.6	52.3	51.8	51.6	51.5	51.3	51.1	50.9	50.5
"MK10 Etelä-Savo"	"Maaseudun paikalliskeskuksissa asuvien osuus, %"	9.8	9.7	9.7	9.7	9.6	9.6	9.6	9.6	9.6	9.5	9.5	9.5
"MK10 Etelä-Savo"	"Kaupungin läheisellä maaseudulla asuvien osuus, %"	7.1	7.1	7.1	7.2	7.1	7.1	7.1	7.1	7.0	7.0	7.0	6.9
"MK10 Etelä-Savo"	"Ydinmaaseudulla asuvien osuus, %"	6.2	6.2	6.1	6.1	6.0	6.0	6.0	6.0	5.9	5.9	5.9	5.8
"MK10 Etelä-Savo"	"Harvaan asutulla maaseudulla asuvien osuus, %"	30.3	30.1	29.8	29.7	29.5	29.1	29.0	28.9	28.7	28.7	28.5	28.2
"MK11 Pohjois-Savo"	"Väestö 31.12."	253472	253524	253643	253585	253239	252815	251570	250414	249003	248265	248363	247689
"MK11 Pohjois-Savo"	"Väkiluvun muutos"	135	52	119	-58	-346	-424	-1245	-1156	-1411	-738	98	-674
"MK11 Pohjois-Savo"	"Väkiluvun muutos, %"	0.1	0.0	0.0	0.0	-0.1	-0.2	-0.5	-0.5	-0.6	-0.3	0.0	-0.3
"MK11 Pohjois-Savo"	"Alle 15-vuotiaiden osuus, %"	15.4	15.3	15.3	15.2	15.1	15.0	14.9	14.8	14.6	14.3	14.2	14.0
"MK11 Pohjois-Savo"	"15-64-vuotiaiden osuus, %"	64.3	63.8	63.2	62.7	62.1	61.7	61.1	60.6	60.1	59.7	59.4	59.2
"MK11 Pohjois-Savo"	"65 vuotta täyttäneiden osuus, %"	20.3	20.9	21.5	22.2	22.7	23.3	24.0	24.6	25.3	25.9	26.4	26.8
"MK11 Pohjois-Savo"	"Väestöllinen huoltosuhde"	55.5	56.8	58.3	59.6	60.9	62.1	63.7	65.1	66.3	67.4	68.3	68.8
"MK11 Pohjois-Savo"	"Taloudellinen huoltosuhde"	148.3	149.3	153.7	157.8	160.4	157.3	152.7	149.4	148.5	156.0	147.0	.
"MK11 Pohjois-Savo"	"Keski-ikä, molemmat sukupuolet"	43.4	43.5	43.7	43.9	44.0	44.2	44.5	44.8	45.1	45.3	45.5	45.7
"MK11 Pohjois-Savo"	"Keski-ikä, miehet"	41.9	42.1	42.3	42.5	42.7	42.9	43.2	43.5	43.8	44.1	44.3	44.5
"MK11 Pohjois-Savo"	"Keski-ikä, naiset"	44.8	44.9	45.1	45.2	45.3	45.5	45.8	46.0	46.3	46.5	46.7	46.8
"MK11 Pohjois-Savo"	"Suomenkielisiä"	248570	248081	247774	247214	246516	245598	244061	242624	241084	239999	239557	238210
"MK11 Pohjois-Savo"	"Suomenkielisten osuus, %"	98.1	97.9	97.7	97.5	97.3	97.1	97.0	96.9	96.8	96.7	96.5	96.2
"MK11 Pohjois-Savo"	"Ruotsinkielisiä"	259	251	251	253	254	257	266	260	256	270	272	285
"MK11 Pohjois-Savo"	"Ruotsinkielisten osuus, %"	0.1	0.1	0.1	0.1	0.1	0.1	0.1	0.1	0.1	0.1	0.1	0.1
"MK11 Pohjois-Savo"	"Saamenkielisiä"	6	5	5	8	8	7	8	7	4	4	3	4
"MK11 Pohjois-Savo"	"Vieraskielisiä"	4637	5187	5613	6110	6461	6953	7235	7523	7659	7992	8531	9190
"MK11 Pohjois-Savo"	"Vieraskielisten osuus, %"	1.8	2.0	2.2	2.4	2.6	2.8	2.9	3.0	3.1	3.2	3.4	3.7
"MK11 Pohjois-Savo"	"Ulkomaan kansalaisia"	3537	3930	4213	4564	4784	5075	5115	5199	5169	5315	5686	6196
"MK11 Pohjois-Savo"	"Ulkomaan kansalaisten osuus, %"	1.4	1.6	1.7	1.8	1.9	2.0	2.0	2.1	2.1	2.1	2.3	2.5
"MK11 Pohjois-Savo"	"Ulkomailla syntyneitä"	5377	5885	6265	6725	7017	7458	7691	7910	8028	8332	8816	9476
"MK11 Pohjois-Savo"	"Ulkomailla syntyneiden osuus, %"	2.1	2.3	2.5	2.7	2.8	2.9	3.1	3.2	3.2	3.4	3.5	3.8
"MK11 Pohjois-Savo"	"Ulkomaalaistaustaisia"	4795	5344	5772	6289	6585	7078	7366	7667	7820	8148	8691	9390
"MK11 Pohjois-Savo"	"Ulkomaalaistaustaisten osuus, %"	1.9	2.1	2.3	2.5	2.6	2.8	2.9	3.1	3.1	3.3	3.5	3.8
"MK11 Pohjois-Savo"	"Ev.lut kirkkoon kuuluvien osuus, %"	81.2	80.5	79.5	78.1	77.3	76.5	75.7	74.8	73.8	73.1	72.1	70.9
"MK11 Pohjois-Savo"	"Muihin uskontokuntiin kuuluvien osuus, %"	3.7	3.7	3.6	3.7	3.7	3.6	3.6	3.7	3.7	3.7	3.6	3.6
"MK11 Pohjois-Savo"	"Uskontokuntiin kuulumattomien osuus, %"	15.1	15.9	16.9	18.3	19.0	19.8	20.7	21.5	22.5	23.2	24.3	25.5
"MK11 Pohjois-Savo"	"Maapinta-ala, km²"	17343.66	17343.56	17343.56	17343.38	17343.45	17343.59	17344.74	17344.77	17344.51	17344.41	17344.53	17345.53
"MK11 Pohjois-Savo"	"Väestöntiheys"	14.6	14.6	14.6	14.6	14.6	14.6	14.5	14.4	14.4	14.3	14.3	14.3
"MK11 Pohjois-Savo"	"Alueella syntyneitä, jotka ovat Suomen väestössä"	303974	302715	301454	299958	298453	296802	294998	292987	291077	289021	287019	284464
"MK11 Pohjois-Savo"	"Alueella asuvia, jotka ovat syntyneet alueella"	188010	187133	186414	185484	184495	183386	181852	180404	178924	177548	176359	174711
"MK11 Pohjois-Savo"	"Alueella asuvia, jotka ovat syntyneet muualla"	65462	66391	67229	68101	68744	69429	69718	70010	70079	70717	72004	72978
"MK11 Pohjois-Savo"	"Asuinalueellaan syntyneiden osuus, %"	74.2	73.8	73.5	73.1	72.9	72.5	72.3	72.0	71.9	71.5	71.0	70.5
"MK11 Pohjois-Savo"	"Syntymäalueellaan asuvien osuus, %"	61.9	61.8	61.8	61.8	61.8	61.8	61.6	61.6	61.5	61.4	61.4	61.4
"MK11 Pohjois-Savo"	"Kaupunkialueella asuvien osuus, %"	57.8	58.3	58.8	59.2	59.6	59.9	60.3	60.7	61.3	61.7	62.1	62.6
"MK11 Pohjois-Savo"	"Sisemmällä kaupunkialueella asuvien osuus, %"	22.3	22.4	22.5	22.5	22.6	22.8	22.8	22.9	23.1	23.3	23.4	23.6
"MK11 Pohjois-Savo"	"Ulommalla kaupunkialueella asuvien osuus, %"	23.8	24.0	24.4	24.7	25.0	25.1	25.3	25.7	26.0	26.2	26.4	26.6
"MK11 Pohjois-Savo"	"Kaupungin kehysalueella asuvien osuus, %"	11.8	11.9	11.9	12.0	12.0	12.0	12.1	12.2	12.1	12.1	12.2	12.3
"MK11 Pohjois-Savo"	"Maaseutualueella asuvien osuus, %"	41.3	40.9	40.4	40.0	39.5	39.0	38.6	38.1	37.7	37.4	36.9	36.3
"MK11 Pohjois-Savo"	"Maaseudun paikalliskeskuksissa asuvien osuus, %"	2.1	2.1	2.1	2.1	2.1	2.1	2.1	2.0	2.0	2.0	2.0	1.9
"MK11 Pohjois-Savo"	"Kaupungin läheisellä maaseudulla asuvien osuus, %"	6.9	6.9	6.9	6.9	6.9	6.8	6.8	6.8	6.7	6.7	6.7	6.7
"MK11 Pohjois-Savo"	"Ydinmaaseudulla asuvien osuus, %"	21.7	21.5	21.2	21.0	20.7	20.5	20.2	20.0	19.8	19.6	19.4	19.0
"MK11 Pohjois-Savo"	"Harvaan asutulla maaseudulla asuvien osuus, %"	10.6	10.4	10.2	10.0	9.8	9.7	9.5	9.3	9.1	9.0	8.9	8.7
"MK12 Pohjois-Karjala"	"Väestö 31.12."	169733	169496	169112	168896	168329	167599	166441	165569	164465	163537	163281	162540
"MK12 Pohjois-Karjala"	"Väkiluvun muutos"	-45	-237	-384	-216	-567	-730	-1158	-872	-1104	-928	-256	-741
"MK12 Pohjois-Karjala"	"Väkiluvun muutos, %"	0.0	-0.1	-0.2	-0.1	-0.3	-0.4	-0.7	-0.5	-0.7	-0.6	-0.2	-0.5
"MK12 Pohjois-Karjala"	"Alle 15-vuotiaiden osuus, %"	14.9	14.8	14.7	14.6	14.5	14.4	14.2	14.0	13.8	13.6	13.4	13.2
"MK12 Pohjois-Karjala"	"15-64-vuotiaiden osuus, %"	64.3	63.7	63.0	62.4	61.8	61.3	60.6	60.2	59.6	59.1	58.7	58.4
"MK12 Pohjois-Karjala"	"65 vuotta täyttäneiden osuus, %"	20.8	21.5	22.3	23.0	23.7	24.3	25.1	25.8	26.5	27.3	27.9	28.4
"MK12 Pohjois-Karjala"	"Väestöllinen huoltosuhde"	55.6	57.0	58.7	60.3	61.9	63.2	64.9	66.2	67.8	69.2	70.4	71.3
"MK12 Pohjois-Karjala"	"Taloudellinen huoltosuhde"	162.8	165.6	169.3	172.3	177.4	176.7	170.5	166.4	168.8	175.4	166.7	.
"MK12 Pohjois-Karjala"	"Keski-ikä, molemmat sukupuolet"	43.9	44.1	44.3	44.5	44.7	45.0	45.3	45.5	45.8	46.0	46.2	46.4
"MK12 Pohjois-Karjala"	"Keski-ikä, miehet"	42.6	42.8	43.1	43.3	43.6	43.8	44.1	44.4	44.7	45.0	45.2	45.4
"MK12 Pohjois-Karjala"	"Keski-ikä, naiset"	45.2	45.4	45.6	45.7	45.9	46.1	46.4	46.6	46.9	47.1	47.3	47.4
"MK12 Pohjois-Karjala"	"Suomenkielisiä"	165202	164619	163805	163234	162601	161495	160207	159308	157983	156829	156004	154480
"MK12 Pohjois-Karjala"	"Suomenkielisten osuus, %"	97.3	97.1	96.9	96.6	96.6	96.4	96.3	96.2	96.1	95.9	95.5	95.0
"MK12 Pohjois-Karjala"	"Ruotsinkielisiä"	148	138	132	138	137	146	149	146	138	144	156	173
"MK12 Pohjois-Karjala"	"Ruotsinkielisten osuus, %"	0.1	0.1	0.1	0.1	0.1	0.1	0.1	0.1	0.1	0.1	0.1	0.1
"MK12 Pohjois-Karjala"	"Saamenkielisiä"	9	10	7	7	6	5	5	7	8	7	7	7
"MK12 Pohjois-Karjala"	"Vieraskielisiä"	4374	4729	5168	5517	5585	5953	6080	6108	6336	6557	7114	7880
"MK12 Pohjois-Karjala"	"Vieraskielisten osuus, %"	2.6	2.8	3.1	3.3	3.3	3.6	3.7	3.7	3.9	4.0	4.4	4.8
"MK12 Pohjois-Karjala"	"Ulkomaan kansalaisia"	3271	3437	3702	3800	3745	3929	3885	3839	3982	4110	4547	5170
"MK12 Pohjois-Karjala"	"Ulkomaan kansalaisten osuus, %"	1.9	2.0	2.2	2.2	2.2	2.3	2.3	2.3	2.4	2.5	2.8	3.2
"MK12 Pohjois-Karjala"	"Ulkomailla syntyneitä"	4810	5121	5501	5782	5828	6155	6272	6253	6451	6652	7174	7954
"MK12 Pohjois-Karjala"	"Ulkomailla syntyneiden osuus, %"	2.8	3.0	3.3	3.4	3.5	3.7	3.8	3.8	3.9	4.1	4.4	4.9
"MK12 Pohjois-Karjala"	"Ulkomaalaistaustaisia"	4593	4931	5370	5692	5727	6102	6231	6265	6475	6692	7251	8044
"MK12 Pohjois-Karjala"	"Ulkomaalaistaustaisten osuus, %"	2.7	2.9	3.2	3.4	3.4	3.6	3.7	3.8	3.9	4.1	4.4	4.9
"MK12 Pohjois-Karjala"	"Ev.lut kirkkoon kuuluvien osuus, %"	77.5	76.8	76.0	74.7	74.1	73.4	72.6	71.9	71.0	70.3	69.3	68.1
"MK12 Pohjois-Karjala"	"Muihin uskontokuntiin kuuluvien osuus, %"	7.1	7.0	7.1	7.1	7.0	7.0	6.9	6.8	6.7	6.7	6.6	6.4
"MK12 Pohjois-Karjala"	"Uskontokuntiin kuulumattomien osuus, %"	15.4	16.1	17.0	18.3	18.9	19.7	20.5	21.3	22.2	23.1	24.1	25.5
"MK12 Pohjois-Karjala"	"Maapinta-ala, km²"	18792.87	18792.55	18792.55	18791.79	18791.29	18791.23	18791.03	18790.96	18791.09	18791.07	18792.95	18793.14
"MK12 Pohjois-Karjala"	"Väestöntiheys"	9.0	9.0	9.0	9.0	9.0	8.9	8.9	8.8	8.8	8.7	8.7	8.6
"MK12 Pohjois-Karjala"	"Alueella syntyneitä, jotka ovat Suomen väestössä"	226180	225041	223886	222607	221199	219613	217897	216136	214188	212202	210300	207911
"MK12 Pohjois-Karjala"	"Alueella asuvia, jotka ovat syntyneet alueella"	128928	128272	127572	126899	126123	125287	124157	122895	121628	120391	119415	117925
"MK12 Pohjois-Karjala"	"Alueella asuvia, jotka ovat syntyneet muualla"	40805	41224	41540	41997	42206	42312	42284	42674	42837	43146	43866	44615
"MK12 Pohjois-Karjala"	"Asuinalueellaan syntyneiden osuus, %"	76.0	75.7	75.4	75.1	74.9	74.8	74.6	74.2	74.0	73.6	73.1	72.6
"MK12 Pohjois-Karjala"	"Syntymäalueellaan asuvien osuus, %"	57.0	57.0	57.0	57.0	57.0	57.0	57.0	56.9	56.8	56.7	56.8	56.7
"MK12 Pohjois-Karjala"	"Kaupunkialueella asuvien osuus, %"	44.1	44.7	45.2	45.9	46.6	47.2	47.8	48.4	49.2	49.7	50.2	50.7
"MK12 Pohjois-Karjala"	"Sisemmällä kaupunkialueella asuvien osuus, %"	16.7	16.8	16.9	17.3	17.6	17.9	18.2	18.6	19.1	19.5	19.7	20.0
"MK12 Pohjois-Karjala"	"Ulommalla kaupunkialueella asuvien osuus, %"	17.6	17.8	18.0	18.2	18.5	18.6	18.8	18.9	18.9	18.9	19.0	19.1
"MK12 Pohjois-Karjala"	"Kaupungin kehysalueella asuvien osuus, %"	9.9	10.2	10.3	10.4	10.6	10.7	10.8	10.9	11.1	11.3	11.4	11.6
"MK12 Pohjois-Karjala"	"Maaseutualueella asuvien osuus, %"	54.9	54.3	53.9	53.1	52.4	51.9	51.2	50.5	49.7	49.2	48.7	48.1
"MK12 Pohjois-Karjala"	"Maaseudun paikalliskeskuksissa asuvien osuus, %"	7.8	7.8	7.7	7.6	7.5	7.4	7.3	7.3	7.1	7.1	7.0	6.9
"MK12 Pohjois-Karjala"	"Kaupungin läheisellä maaseudulla asuvien osuus, %"	10.6	10.6	10.6	10.5	10.4	10.4	10.3	10.3	10.2	10.1	10.1	10.0
"MK12 Pohjois-Karjala"	"Ydinmaaseudulla asuvien osuus, %"	17.2	17.0	16.9	16.7	16.5	16.4	16.2	15.9	15.7	15.6	15.4	15.3
"MK12 Pohjois-Karjala"	"Harvaan asutulla maaseudulla asuvien osuus, %"	19.3	19.0	18.7	18.4	18.0	17.7	17.4	17.0	16.7	16.5	16.2	15.9
"MK13 Keski-Suomi"	"Väestö 31.12."	271874	272723	272911	272986	273446	273910	273779	273283	272898	272617	272683	272437
"MK13 Keski-Suomi"	"Väkiluvun muutos"	791	849	188	75	460	464	-131	-496	-385	-281	66	-246
"MK13 Keski-Suomi"	"Väkiluvun muutos, %"	0.3	0.3	0.1	0.0	0.2	0.2	0.0	-0.2	-0.1	-0.1	0.0	-0.1
"MK13 Keski-Suomi"	"Alle 15-vuotiaiden osuus, %"	16.6	16.6	16.5	16.6	16.5	16.4	16.2	16.1	15.8	15.5	15.2	14.9
"MK13 Keski-Suomi"	"15-64-vuotiaiden osuus, %"	64.8	64.2	63.4	62.8	62.3	62.0	61.6	61.3	61.1	60.8	60.7	60.7
"MK13 Keski-Suomi"	"65 vuotta täyttäneiden osuus, %"	18.6	19.3	20.0	20.6	21.2	21.6	22.2	22.6	23.2	23.7	24.1	24.4
"MK13 Keski-Suomi"	"Väestöllinen huoltosuhde"	54.3	55.8	57.6	59.3	60.6	61.3	62.3	63.1	63.8	64.5	64.8	64.7
"MK13 Keski-Suomi"	"Taloudellinen huoltosuhde"	145.7	150.0	158.1	160.9	163.0	159.7	153.6	150.1	151.1	159.5	151.0	.
"MK13 Keski-Suomi"	"Keski-ikä, molemmat sukupuolet"	41.6	41.8	42.0	42.2	42.3	42.5	42.8	43.0	43.3	43.5	43.8	44.0
"MK13 Keski-Suomi"	"Keski-ikä, miehet"	40.3	40.4	40.7	40.9	41.1	41.3	41.5	41.7	42.0	42.3	42.5	42.7
"MK13 Keski-Suomi"	"Keski-ikä, naiset"	42.9	43.0	43.2	43.4	43.6	43.8	44.0	44.2	44.5	44.8	45.0	45.2
"MK13 Keski-Suomi"	"Suomenkielisiä"	265259	265659	265438	265094	265143	264881	264385	263693	262908	262291	261909	260943
"MK13 Keski-Suomi"	"Suomenkielisten osuus, %"	97.6	97.4	97.3	97.1	97.0	96.7	96.6	96.5	96.3	96.2	96.0	95.8
"MK13 Keski-Suomi"	"Ruotsinkielisiä"	453	451	448	467	462	459	453	466	458	466	458	464
"MK13 Keski-Suomi"	"Ruotsinkielisten osuus, %"	0.2	0.2	0.2	0.2	0.2	0.2	0.2	0.2	0.2	0.2	0.2	0.2
"MK13 Keski-Suomi"	"Saamenkielisiä"	19	25	23	23	23	24	25	24	24	27	27	28
"MK13 Keski-Suomi"	"Vieraskielisiä"	6143	6588	7002	7402	7818	8546	8916	9100	9508	9833	10289	11002
"MK13 Keski-Suomi"	"Vieraskielisten osuus, %"	2.3	2.4	2.6	2.7	2.9	3.1	3.3	3.3	3.5	3.6	3.8	4.0
"MK13 Keski-Suomi"	"Ulkomaan kansalaisia"	4656	4876	5028	5276	5492	6003	6130	6104	6291	6368	6669	7182
"MK13 Keski-Suomi"	"Ulkomaan kansalaisten osuus, %"	1.7	1.8	1.8	1.9	2.0	2.2	2.2	2.2	2.3	2.3	2.4	2.6
"MK13 Keski-Suomi"	"Ulkomailla syntyneitä"	7821	8219	8568	8921	9280	9931	10227	10358	10697	10995	11399	12094
"MK13 Keski-Suomi"	"Ulkomailla syntyneiden osuus, %"	2.9	3.0	3.1	3.3	3.4	3.6	3.7	3.8	3.9	4.0	4.2	4.4
"MK13 Keski-Suomi"	"Ulkomaalaistaustaisia"	6502	6948	7340	7753	8065	8814	9197	9388	9782	10103	10556	11250
"MK13 Keski-Suomi"	"Ulkomaalaistaustaisten osuus, %"	2.4	2.5	2.7	2.8	2.9	3.2	3.4	3.4	3.6	3.7	3.9	4.1
"MK13 Keski-Suomi"	"Ev.lut kirkkoon kuuluvien osuus, %"	78.6	77.9	77.0	75.6	74.9	74.0	73.2	72.2	71.3	70.6	69.5	68.4
"MK13 Keski-Suomi"	"Muihin uskontokuntiin kuuluvien osuus, %"	2.8	2.8	2.7	2.8	2.8	2.8	2.8	2.8	2.9	2.8	2.8	2.8
"MK13 Keski-Suomi"	"Uskontokuntiin kuulumattomien osuus, %"	18.7	19.3	20.3	21.7	22.4	23.2	24.0	24.9	25.9	26.6	27.6	28.8
"MK13 Keski-Suomi"	"Maapinta-ala, km²"	16043.01	16042.45	16042.45	16041.96	16041.87	16042.08	16042.18	16042.23	16042.24	16042.38	16042.42	16042.57
"MK13 Keski-Suomi"	"Väestöntiheys"	16.9	17.0	17.0	17.0	17.0	17.1	17.1	17.0	17.0	17.0	17.0	17.0
"MK13 Keski-Suomi"	"Alueella syntyneitä, jotka ovat Suomen väestössä"	278347	278599	278762	278741	278603	278079	277434	276653	275888	275077	274281	272743
"MK13 Keski-Suomi"	"Alueella asuvia, jotka ovat syntyneet alueella"	180616	180797	180607	180353	180003	179491	178749	177691	176834	175970	175096	173835
"MK13 Keski-Suomi"	"Alueella asuvia, jotka ovat syntyneet muualla"	91258	91926	92304	92633	93443	94419	95030	95592	96064	96647	97587	98602
"MK13 Keski-Suomi"	"Asuinalueellaan syntyneiden osuus, %"	66.4	66.3	66.2	66.1	65.8	65.5	65.3	65.0	64.8	64.5	64.2	63.8
"MK13 Keski-Suomi"	"Syntymäalueellaan asuvien osuus, %"	64.9	64.9	64.8	64.7	64.6	64.5	64.4	64.2	64.1	64.0	63.8	63.7
"MK13 Keski-Suomi"	"Kaupunkialueella asuvien osuus, %"	50.4	50.9	51.2	51.6	52.1	52.7	53.2	53.8	54.3	54.9	55.3	55.9
"MK13 Keski-Suomi"	"Sisemmällä kaupunkialueella asuvien osuus, %"	19.2	19.4	19.6	19.9	20.3	20.5	20.7	21.0	21.2	21.4	21.4	21.7
"MK13 Keski-Suomi"	"Ulommalla kaupunkialueella asuvien osuus, %"	21.1	21.3	21.5	21.5	21.6	21.9	22.2	22.4	22.8	23.1	23.3	23.5
"MK13 Keski-Suomi"	"Kaupungin kehysalueella asuvien osuus, %"	10.1	10.2	10.2	10.2	10.2	10.3	10.3	10.4	10.3	10.4	10.6	10.7
"MK13 Keski-Suomi"	"Maaseutualueella asuvien osuus, %"	48.9	48.5	48.1	47.6	47.0	46.4	45.8	45.3	44.8	44.3	43.9	43.2
"MK13 Keski-Suomi"	"Maaseudun paikalliskeskuksissa asuvien osuus, %"	15.5	15.4	15.3	15.2	15.1	14.9	14.8	14.7	14.6	14.5	14.4	14.2
"MK13 Keski-Suomi"	"Kaupungin läheisellä maaseudulla asuvien osuus, %"	7.0	7.1	7.1	7.1	7.1	7.1	7.0	7.0	6.9	6.9	6.8	6.8
"MK13 Keski-Suomi"	"Ydinmaaseudulla asuvien osuus, %"	12.0	11.9	11.8	11.7	11.5	11.4	11.2	11.0	10.9	10.7	10.6	10.4
"MK13 Keski-Suomi"	"Harvaan asutulla maaseudulla asuvien osuus, %"	14.4	14.1	13.9	13.6	13.4	13.1	12.9	12.6	12.4	12.2	12.0	11.8
"MK14 Etelä-Pohjanmaa"	"Väestö 31.12."	198671	198944	198831	198242	197371	196572	195583	194316	193207	192150	191762	190774
"MK14 Etelä-Pohjanmaa"	"Väkiluvun muutos"	202	273	-113	-589	-871	-799	-989	-1267	-1109	-1057	-388	-988
"MK14 Etelä-Pohjanmaa"	"Väkiluvun muutos, %"	0.1	0.1	-0.1	-0.3	-0.4	-0.4	-0.5	-0.6	-0.6	-0.5	-0.2	-0.5
"MK14 Etelä-Pohjanmaa"	"Alle 15-vuotiaiden osuus, %"	17.2	17.3	17.2	17.2	17.1	17.1	17.0	16.7	16.5	16.3	16.1	15.8
"MK14 Etelä-Pohjanmaa"	"15-64-vuotiaiden osuus, %"	62.5	61.8	61.1	60.6	59.9	59.5	58.9	58.5	58.1	57.7	57.4	57.3
"MK14 Etelä-Pohjanmaa"	"65 vuotta täyttäneiden osuus, %"	20.3	20.9	21.6	22.3	22.9	23.5	24.1	24.7	25.4	26.0	26.6	26.8
"MK14 Etelä-Pohjanmaa"	"Väestöllinen huoltosuhde"	60.1	61.8	63.6	65.1	66.9	68.2	69.8	70.9	72.3	73.3	74.3	74.4
"MK14 Etelä-Pohjanmaa"	"Taloudellinen huoltosuhde"	139.4	142.3	145.8	150.3	153.4	152.0	147.9	144.3	144.4	150.7	143.2	.
"MK14 Etelä-Pohjanmaa"	"Keski-ikä, molemmat sukupuolet"	42.6	42.8	43.0	43.2	43.4	43.6	43.9	44.2	44.5	44.8	45.0	45.2
"MK14 Etelä-Pohjanmaa"	"Keski-ikä, miehet"	41.1	41.3	41.5	41.7	42.0	42.2	42.5	42.8	43.1	43.4	43.7	43.8
"MK14 Etelä-Pohjanmaa"	"Keski-ikä, naiset"	44.2	44.3	44.5	44.7	44.9	45.0	45.3	45.6	45.9	46.1	46.3	46.5
"MK14 Etelä-Pohjanmaa"	"Suomenkielisiä"	195384	195284	194748	193929	192967	192061	190983	189563	188197	186902	186221	184722
"MK14 Etelä-Pohjanmaa"	"Suomenkielisten osuus, %"	98.3	98.2	97.9	97.8	97.8	97.7	97.6	97.6	97.4	97.3	97.1	96.8
"MK14 Etelä-Pohjanmaa"	"Ruotsinkielisiä"	538	539	571	563	588	591	599	601	617	641	637	622
"MK14 Etelä-Pohjanmaa"	"Ruotsinkielisten osuus, %"	0.3	0.3	0.3	0.3	0.3	0.3	0.3	0.3	0.3	0.3	0.3	0.3
"MK14 Etelä-Pohjanmaa"	"Saamenkielisiä"	6	6	7	7	6	6	5	5	5	4	4	4
"MK14 Etelä-Pohjanmaa"	"Vieraskielisiä"	2743	3115	3505	3743	3810	3914	3996	4147	4388	4603	4900	5426
"MK14 Etelä-Pohjanmaa"	"Vieraskielisten osuus, %"	1.4	1.6	1.8	1.9	1.9	2.0	2.0	2.1	2.3	2.4	2.6	2.8
"MK14 Etelä-Pohjanmaa"	"Ulkomaan kansalaisia"	2482	2786	3051	3213	3183	3212	3186	3266	3378	3477	3701	4123
"MK14 Etelä-Pohjanmaa"	"Ulkomaan kansalaisten osuus, %"	1.2	1.4	1.5	1.6	1.6	1.6	1.6	1.7	1.7	1.8	1.9	2.2
"MK14 Etelä-Pohjanmaa"	"Ulkomailla syntyneitä"	4106	4455	4814	5010	5010	5097	5164	5302	5486	5700	5949	6438
"MK14 Etelä-Pohjanmaa"	"Ulkomailla syntyneiden osuus, %"	2.1	2.2	2.4	2.5	2.5	2.6	2.6	2.7	2.8	3.0	3.1	3.4
"MK14 Etelä-Pohjanmaa"	"Ulkomaalaistaustaisia"	3019	3395	3781	4023	4042	4158	4241	4390	4643	4868	5158	5672
"MK14 Etelä-Pohjanmaa"	"Ulkomaalaistaustaisten osuus, %"	1.5	1.7	1.9	2.0	2.0	2.1	2.2	2.3	2.4	2.5	2.7	3.0
"MK14 Etelä-Pohjanmaa"	"Ev.lut kirkkoon kuuluvien osuus, %"	89.4	88.9	88.2	87.3	86.8	86.2	85.6	84.9	84.2	83.6	82.8	81.9
"MK14 Etelä-Pohjanmaa"	"Muihin uskontokuntiin kuuluvien osuus, %"	1.4	1.4	1.4	1.5	1.5	1.5	1.5	1.7	1.8	1.8	1.8	1.9
"MK14 Etelä-Pohjanmaa"	"Uskontokuntiin kuulumattomien osuus, %"	9.2	9.7	10.3	11.2	11.8	12.3	12.9	13.4	14.0	14.6	15.4	16.3
"MK14 Etelä-Pohjanmaa"	"Maapinta-ala, km²"	13797.96	13797.95	13797.95	13797.59	13797.86	13797.64	13798.14	13798.28	13798.24	13798.19	13798.47	13798.45
"MK14 Etelä-Pohjanmaa"	"Väestöntiheys"	14.4	14.4	14.4	14.4	14.3	14.2	14.2	14.1	14.0	13.9	13.9	13.8
"MK14 Etelä-Pohjanmaa"	"Alueella syntyneitä, jotka ovat Suomen väestössä"	253917	253145	252147	251023	249866	248528	247148	245537	243950	242223	240465	238108
"MK14 Etelä-Pohjanmaa"	"Alueella asuvia, jotka ovat syntyneet alueella"	159147	158754	158088	157203	156205	155232	154113	152638	151373	150033	149011	147418
"MK14 Etelä-Pohjanmaa"	"Alueella asuvia, jotka ovat syntyneet muualla"	39524	40190	40743	41039	41166	41340	41470	41678	41834	42117	42751	43356
"MK14 Etelä-Pohjanmaa"	"Asuinalueellaan syntyneiden osuus, %"	80.1	79.8	79.5	79.3	79.1	79.0	78.8	78.6	78.3	78.1	77.7	77.3
"MK14 Etelä-Pohjanmaa"	"Syntymäalueellaan asuvien osuus, %"	62.7	62.7	62.7	62.6	62.5	62.5	62.4	62.2	62.1	61.9	62.0	61.9
"MK14 Etelä-Pohjanmaa"	"Kaupunkialueella asuvien osuus, %"	26.0	26.5	27.0	27.3	27.9	28.3	28.8	29.4	29.9	30.3	30.8	31.3
"MK14 Etelä-Pohjanmaa"	"Sisemmällä kaupunkialueella asuvien osuus, %"	9.5	9.7	9.8	9.9	10.1	10.2	10.4	10.6	10.8	11.1	11.3	11.5
"MK14 Etelä-Pohjanmaa"	"Ulommalla kaupunkialueella asuvien osuus, %"	13.0	13.3	13.5	13.7	14.0	14.3	14.6	14.9	15.1	15.2	15.4	15.6
"MK14 Etelä-Pohjanmaa"	"Kaupungin kehysalueella asuvien osuus, %"	3.5	3.5	3.6	3.7	3.8	3.8	3.8	3.9	4.0	4.0	4.1	4.2
"MK14 Etelä-Pohjanmaa"	"Maaseutualueella asuvien osuus, %"	73.6	73.1	72.7	72.2	71.7	71.2	70.7	70.1	69.6	69.1	68.7	68.1
"MK14 Etelä-Pohjanmaa"	"Maaseudun paikalliskeskuksissa asuvien osuus, %"	16.8	16.8	16.9	16.9	16.9	16.9	16.9	16.9	16.9	16.9	16.9	16.8
"MK14 Etelä-Pohjanmaa"	"Kaupungin läheisellä maaseudulla asuvien osuus, %"	4.8	4.8	4.8	4.8	4.8	4.8	4.7	4.7	4.7	4.6	4.6	4.6
"MK14 Etelä-Pohjanmaa"	"Ydinmaaseudulla asuvien osuus, %"	49.0	48.5	48.1	47.6	47.2	46.8	46.4	45.9	45.4	45.1	44.7	44.2
"MK14 Etelä-Pohjanmaa"	"Harvaan asutulla maaseudulla asuvien osuus, %"	3.0	3.0	2.9	2.9	2.8	2.8	2.7	2.6	2.6	2.5	2.5	2.4
"MK15 Pohjanmaa"	"Väestö 31.12."	174170	174777	175530	176314	176894	176729	176272	176193	175923	175816	176041	176323
"MK15 Pohjanmaa"	"Väkiluvun muutos"	1189	607	753	784	580	-165	-457	-79	-270	-107	225	282
"MK15 Pohjanmaa"	"Väkiluvun muutos, %"	0.7	0.3	0.4	0.4	0.3	-0.1	-0.3	0.0	-0.2	-0.1	0.1	0.2
"MK15 Pohjanmaa"	"Alle 15-vuotiaiden osuus, %"	17.3	17.3	17.3	17.4	17.4	17.4	17.4	17.3	17.1	17.0	16.8	16.6
"MK15 Pohjanmaa"	"15-64-vuotiaiden osuus, %"	63.1	62.6	62.1	61.6	61.2	60.7	60.4	60.1	59.8	59.6	59.6	59.7
"MK15 Pohjanmaa"	"65 vuotta täyttäneiden osuus, %"	19.6	20.1	20.5	21.0	21.4	21.8	22.2	22.6	23.0	23.4	23.6	23.7
"MK15 Pohjanmaa"	"Väestöllinen huoltosuhde"	58.5	59.7	60.9	62.3	63.4	64.6	65.7	66.4	67.2	67.7	67.9	67.6
"MK15 Pohjanmaa"	"Taloudellinen huoltosuhde"	121.8	122.6	125.5	128.7	132.1	134.0	129.6	126.7	127.3	138.5	126.3	.
"MK15 Pohjanmaa"	"Keski-ikä, molemmat sukupuolet"	41.5	41.6	41.7	41.8	41.9	42.1	42.3	42.5	42.7	42.9	43.0	43.1
"MK15 Pohjanmaa"	"Keski-ikä, miehet"	40.1	40.3	40.4	40.5	40.6	40.8	41.0	41.2	41.5	41.7	41.9	42.0
"MK15 Pohjanmaa"	"Keski-ikä, naiset"	42.9	43.0	43.0	43.1	43.2	43.4	43.5	43.7	43.9	44.1	44.2	44.3
"MK15 Pohjanmaa"	"Suomenkielisiä"	75809	75904	75979	76097	76156	75739	74926	74571	74116	73610	73120	72548
"MK15 Pohjanmaa"	"Suomenkielisten osuus, %"	43.5	43.4	43.3	43.2	43.1	42.9	42.5	42.3	42.1	41.9	41.5	41.1
"MK15 Pohjanmaa"	"Ruotsinkielisiä"	90370	90235	90237	90252	90083	89881	89639	89403	89176	89085	89161	88933
"MK15 Pohjanmaa"	"Ruotsinkielisten osuus, %"	51.9	51.6	51.4	51.2	50.9	50.9	50.9	50.7	50.7	50.7	50.6	50.4
"MK15 Pohjanmaa"	"Saamenkielisiä"	11	11	11	10	13	12	10	10	10	8	5	6
"MK15 Pohjanmaa"	"Vieraskielisiä"	7980	8627	9303	9955	10642	11097	11697	12209	12621	13113	13755	14836
"MK15 Pohjanmaa"	"Vieraskielisten osuus, %"	4.6	4.9	5.3	5.6	6.0	6.3	6.6	6.9	7.2	7.5	7.8	8.4
"MK15 Pohjanmaa"	"Ulkomaan kansalaisia"	7560	7900	8205	8551	8966	9142	9364	9480	9600	9805	10332	11095
"MK15 Pohjanmaa"	"Ulkomaan kansalaisten osuus, %"	4.3	4.5	4.7	4.8	5.1	5.2	5.3	5.4	5.5	5.6	5.9	6.3
"MK15 Pohjanmaa"	"Ulkomailla syntyneitä"	10864	11401	12015	12603	13193	13535	14090	14494	14825	15192	15798	16789
"MK15 Pohjanmaa"	"Ulkomailla syntyneiden osuus, %"	6.2	6.5	6.8	7.1	7.5	7.7	8.0	8.2	8.4	8.6	9.0	9.5
"MK15 Pohjanmaa"	"Ulkomaalaistaustaisia"	8948	9602	10285	10954	11544	12014	12633	13119	13562	14053	14713	15803
"MK15 Pohjanmaa"	"Ulkomaalaistaustaisten osuus, %"	5.1	5.5	5.9	6.2	6.5	6.8	7.2	7.4	7.7	8.0	8.4	9.0
"MK15 Pohjanmaa"	"Ev.lut kirkkoon kuuluvien osuus, %"	82.5	81.8	80.9	79.8	79.1	78.3	77.4	76.6	75.7	74.9	73.9	72.6
"MK15 Pohjanmaa"	"Muihin uskontokuntiin kuuluvien osuus, %"	2.2	2.2	2.2	2.2	2.3	2.3	2.3	2.3	2.3	2.3	2.2	2.3
"MK15 Pohjanmaa"	"Uskontokuntiin kuulumattomien osuus, %"	15.4	16.1	16.9	17.9	18.6	19.4	20.3	21.2	22.1	22.9	23.9	25.1
"MK15 Pohjanmaa"	"Maapinta-ala, km²"	7395.88	7397.47	7397.47	7397.91	7398.28	7399.01	7400.00	7400.92	7400.93	7401.34	7401.41	7402.91
"MK15 Pohjanmaa"	"Väestöntiheys"	23.5	23.6	23.7	23.8	23.9	23.9	23.8	23.8	23.8	23.8	23.8	23.8
"MK15 Pohjanmaa"	"Alueella syntyneitä, jotka ovat Suomen väestössä"	164060	164296	164636	165033	165153	165152	165075	164974	165019	165039	164996	164671
"MK15 Pohjanmaa"	"Alueella asuvia, jotka ovat syntyneet alueella"	126091	126090	126149	126376	126205	125892	125321	124994	124671	124399	124146	123639
"MK15 Pohjanmaa"	"Alueella asuvia, jotka ovat syntyneet muualla"	48079	48687	49381	49938	50689	50837	50951	51199	51252	51417	51895	52684
"MK15 Pohjanmaa"	"Asuinalueellaan syntyneiden osuus, %"	72.4	72.1	71.9	71.7	71.3	71.2	71.1	70.9	70.9	70.8	70.5	70.1
"MK15 Pohjanmaa"	"Syntymäalueellaan asuvien osuus, %"	76.9	76.7	76.6	76.6	76.4	76.2	75.9	75.8	75.5	75.4	75.2	75.1
"MK15 Pohjanmaa"	"Kaupunkialueella asuvien osuus, %"	58.9	59.2	59.4	59.6	59.8	59.8	59.9	60.0	60.2	60.2	60.3	60.6
"MK15 Pohjanmaa"	"Sisemmällä kaupunkialueella asuvien osuus, %"	22.8	22.8	22.9	23.0	23.1	23.2	23.1	23.2	23.4	23.4	23.5	23.7
"MK15 Pohjanmaa"	"Ulommalla kaupunkialueella asuvien osuus, %"	24.7	24.9	25.0	25.0	25.1	25.1	25.0	25.0	25.0	24.9	24.8	24.8
"MK15 Pohjanmaa"	"Kaupungin kehysalueella asuvien osuus, %"	11.4	11.5	11.5	11.6	11.6	11.6	11.7	11.8	11.9	11.9	12.0	12.0
"MK15 Pohjanmaa"	"Maaseutualueella asuvien osuus, %"	40.6	40.4	40.2	40.0	39.8	39.7	39.5	39.4	39.2	39.2	39.1	38.7
"MK15 Pohjanmaa"	"Maaseudun paikalliskeskuksissa asuvien osuus, %"	0.0	0.0	0.0	0.0	0.0	0.0	0.0	0.0	0.0	0.0	0.0	0.0
"MK15 Pohjanmaa"	"Kaupungin läheisellä maaseudulla asuvien osuus, %"	17.3	17.3	17.2	17.3	17.2	17.2	17.1	17.1	17.1	17.1	17.1	17.0
"MK15 Pohjanmaa"	"Ydinmaaseudulla asuvien osuus, %"	21.5	21.3	21.1	20.9	20.9	20.8	20.7	20.6	20.5	20.5	20.4	20.2
"MK15 Pohjanmaa"	"Harvaan asutulla maaseudulla asuvien osuus, %"	1.9	1.8	1.8	1.8	1.7	1.7	1.7	1.6	1.6	1.6	1.6	1.5
"MK16 Keski-Pohjanmaa"	"Väestö 31.12."	68484	68610	68677	68832	69032	69027	68780	68437	68158	67988	67915	67805
"MK16 Keski-Pohjanmaa"	"Väkiluvun muutos"	163	126	67	155	200	-5	-247	-343	-279	-170	-73	-110
"MK16 Keski-Pohjanmaa"	"Väkiluvun muutos, %"	0.2	0.2	0.1	0.2	0.3	0.0	-0.4	-0.5	-0.4	-0.2	-0.1	-0.2
"MK16 Keski-Pohjanmaa"	"Alle 15-vuotiaiden osuus, %"	18.7	18.8	18.9	19.0	19.1	19.1	19.0	18.9	18.8	18.6	18.4	18.1
"MK16 Keski-Pohjanmaa"	"15-64-vuotiaiden osuus, %"	62.8	62.0	61.2	60.4	59.9	59.3	58.8	58.3	57.8	57.6	57.3	57.2
"MK16 Keski-Pohjanmaa"	"65 vuotta täyttäneiden osuus, %"	18.5	19.2	19.9	20.6	21.1	21.6	22.2	22.8	23.4	23.8	24.3	24.7
"MK16 Keski-Pohjanmaa"	"Väestöllinen huoltosuhde"	59.3	61.3	63.4	65.4	67.1	68.6	70.1	71.6	72.9	73.6	74.6	74.8
"MK16 Keski-Pohjanmaa"	"Taloudellinen huoltosuhde"	139.3	140.2	143.5	147.3	150.1	151.9	146.2	142.1	144.5	148.6	144.2	.
"MK16 Keski-Pohjanmaa"	"Keski-ikä, molemmat sukupuolet"	40.9	41.1	41.2	41.3	41.5	41.7	41.9	42.2	42.5	42.7	43.0	43.2
"MK16 Keski-Pohjanmaa"	"Keski-ikä, miehet"	39.6	39.8	39.9	40.1	40.2	40.5	40.7	41.0	41.4	41.6	41.8	42.1
"MK16 Keski-Pohjanmaa"	"Keski-ikä, naiset"	42.2	42.3	42.4	42.6	42.7	42.9	43.1	43.4	43.6	43.9	44.2	44.4
"MK16 Keski-Pohjanmaa"	"Suomenkielisiä"	60743	60789	60809	60878	60948	60821	60582	60265	59940	59699	59571	59310
"MK16 Keski-Pohjanmaa"	"Suomenkielisten osuus, %"	88.7	88.6	88.5	88.4	88.3	88.1	88.1	88.1	87.9	87.8	87.7	87.5
"MK16 Keski-Pohjanmaa"	"Ruotsinkielisiä"	6464	6438	6351	6333	6274	6228	6212	6186	6179	6149	6082	6047
"MK16 Keski-Pohjanmaa"	"Ruotsinkielisten osuus, %"	9.4	9.4	9.2	9.2	9.1	9.0	9.0	9.0	9.1	9.0	9.0	8.9
"MK16 Keski-Pohjanmaa"	"Saamenkielisiä"	2	2	1	0	1	1	1	2	1	1	1	2
"MK16 Keski-Pohjanmaa"	"Vieraskielisiä"	1275	1381	1516	1621	1809	1977	1985	1984	2038	2139	2261	2446
"MK16 Keski-Pohjanmaa"	"Vieraskielisten osuus, %"	1.9	2.0	2.2	2.4	2.6	2.9	2.9	2.9	3.0	3.1	3.3	3.6
"MK16 Keski-Pohjanmaa"	"Ulkomaan kansalaisia"	1193	1255	1293	1292	1424	1537	1461	1425	1447	1478	1575	1738
"MK16 Keski-Pohjanmaa"	"Ulkomaan kansalaisten osuus, %"	1.7	1.8	1.9	1.9	2.1	2.2	2.1	2.1	2.1	2.2	2.3	2.6
"MK16 Keski-Pohjanmaa"	"Ulkomailla syntyneitä"	1951	2055	2161	2238	2423	2552	2576	2558	2626	2717	2837	2994
"MK16 Keski-Pohjanmaa"	"Ulkomailla syntyneiden osuus, %"	2.8	3.0	3.1	3.3	3.5	3.7	3.7	3.7	3.9	4.0	4.2	4.4
"MK16 Keski-Pohjanmaa"	"Ulkomaalaistaustaisia"	1382	1495	1627	1714	1886	2050	2058	2058	2123	2218	2360	2537
"MK16 Keski-Pohjanmaa"	"Ulkomaalaistaustaisten osuus, %"	2.0	2.2	2.4	2.5	2.7	3.0	3.0	3.0	3.1	3.3	3.5	3.7
"MK16 Keski-Pohjanmaa"	"Ev.lut kirkkoon kuuluvien osuus, %"	86.7	86.2	85.5	84.4	83.6	82.9	82.2	81.4	80.5	79.7	78.7	77.5
"MK16 Keski-Pohjanmaa"	"Muihin uskontokuntiin kuuluvien osuus, %"	1.3	1.3	1.3	1.4	1.4	1.4	1.5	1.7	1.7	1.8	1.8	1.8
"MK16 Keski-Pohjanmaa"	"Uskontokuntiin kuulumattomien osuus, %"	12.0	12.5	13.2	14.2	15.0	15.6	16.3	16.9	17.8	18.5	19.5	20.7
"MK16 Keski-Pohjanmaa"	"Maapinta-ala, km²"	5018.54	5018.55	5018.55	5019.36	5019.38	5020.06	5019.85	5019.55	5019.83	5019.98	5019.92	5020.44
"MK16 Keski-Pohjanmaa"	"Väestöntiheys"	13.6	13.7	13.7	13.7	13.8	13.8	13.7	13.6	13.6	13.5	13.5	13.5
"MK16 Keski-Pohjanmaa"	"Alueella syntyneitä, jotka ovat Suomen väestössä"	79244	79368	79515	79662	79667	79723	79705	79665	79584	79466	79337	79060
"MK16 Keski-Pohjanmaa"	"Alueella asuvia, jotka ovat syntyneet alueella"	48883	48824	48728	48690	48555	48412	48161	47843	47572	47328	47115	46771
"MK16 Keski-Pohjanmaa"	"Alueella asuvia, jotka ovat syntyneet muualla"	19601	19786	19949	20142	20477	20615	20619	20594	20586	20660	20800	21034
"MK16 Keski-Pohjanmaa"	"Asuinalueellaan syntyneiden osuus, %"	71.4	71.2	71.0	70.7	70.3	70.1	70.0	69.9	69.8	69.6	69.4	69.0
"MK16 Keski-Pohjanmaa"	"Syntymäalueellaan asuvien osuus, %"	61.7	61.5	61.3	61.1	60.9	60.7	60.4	60.1	59.8	59.6	59.4	59.2
"MK16 Keski-Pohjanmaa"	"Kaupunkialueella asuvien osuus, %"	54.9	55.1	55.4	55.7	56.0	56.3	56.6	56.9	57.3	57.7	57.9	58.2
"MK16 Keski-Pohjanmaa"	"Sisemmällä kaupunkialueella asuvien osuus, %"	19.0	18.8	18.8	18.9	18.9	18.9	19.1	19.2	19.3	19.4	19.5	19.7
"MK16 Keski-Pohjanmaa"	"Ulommalla kaupunkialueella asuvien osuus, %"	30.8	31.2	31.5	31.7	32.0	32.1	32.1	32.4	32.6	32.7	32.9	32.9
"MK16 Keski-Pohjanmaa"	"Kaupungin kehysalueella asuvien osuus, %"	5.1	5.1	5.1	5.1	5.2	5.3	5.4	5.4	5.5	5.5	5.5	5.6
"MK16 Keski-Pohjanmaa"	"Maaseutualueella asuvien osuus, %"	44.6	44.4	44.1	43.8	43.5	43.2	42.9	42.5	42.1	41.7	41.4	41.0
"MK16 Keski-Pohjanmaa"	"Maaseudun paikalliskeskuksissa asuvien osuus, %"	0.0	0.0	0.0	0.0	0.0	0.0	0.0	0.0	0.0	0.0	0.0	0.0
"MK16 Keski-Pohjanmaa"	"Kaupungin läheisellä maaseudulla asuvien osuus, %"	8.5	8.4	8.5	8.4	8.4	8.4	8.4	8.3	8.2	8.2	8.2	8.1
"MK16 Keski-Pohjanmaa"	"Ydinmaaseudulla asuvien osuus, %"	28.4	28.2	27.9	27.8	27.5	27.3	27.1	27.0	26.8	26.5	26.3	26.0
"MK16 Keski-Pohjanmaa"	"Harvaan asutulla maaseudulla asuvien osuus, %"	7.8	7.8	7.7	7.6	7.6	7.5	7.4	7.3	7.1	7.0	6.9	6.8
"MK17 Pohjois-Pohjanmaa"	"Väestö 31.12."	401201	403920	406480	408536	410054	411150	411856	412161	412830	413830	415603	416543
"MK17 Pohjois-Pohjanmaa"	"Väkiluvun muutos"	2866	2719	2560	2056	1518	1096	706	305	669	1000	1773	940
"MK17 Pohjois-Pohjanmaa"	"Väkiluvun muutos, %"	0.7	0.7	0.6	0.5	0.4	0.3	0.2	0.1	0.2	0.2	0.4	0.2
"MK17 Pohjois-Pohjanmaa"	"Alle 15-vuotiaiden osuus, %"	20.4	20.5	20.5	20.4	20.3	20.2	20.0	19.6	19.2	18.9	18.5	18.0
"MK17 Pohjois-Pohjanmaa"	"15-64-vuotiaiden osuus, %"	64.3	63.7	63.2	62.7	62.2	61.9	61.5	61.3	61.1	61.0	61.0	61.1
"MK17 Pohjois-Pohjanmaa"	"65 vuotta täyttäneiden osuus, %"	15.3	15.8	16.3	16.9	17.4	18.0	18.6	19.1	19.6	20.2	20.5	20.9
"MK17 Pohjois-Pohjanmaa"	"Väestöllinen huoltosuhde"	55.6	56.9	58.3	59.6	60.7	61.6	62.7	63.2	63.6	64.0	64.0	63.7
"MK17 Pohjois-Pohjanmaa"	"Taloudellinen huoltosuhde"	147.0	151.6	156.5	160.9	162.0	159.9	153.5	147.1	148.3	152.5	144.5	.
"MK17 Pohjois-Pohjanmaa"	"Keski-ikä, molemmat sukupuolet"	38.6	38.8	38.9	39.1	39.4	39.6	39.9	40.2	40.6	40.8	41.0	41.3
"MK17 Pohjois-Pohjanmaa"	"Keski-ikä, miehet"	37.5	37.7	37.8	38.0	38.3	38.6	38.9	39.2	39.5	39.8	40.0	40.2
"MK17 Pohjois-Pohjanmaa"	"Keski-ikä, naiset"	39.7	39.9	40.1	40.2	40.5	40.8	41.0	41.3	41.6	41.9	42.1	42.3
"MK17 Pohjois-Pohjanmaa"	"Suomenkielisiä"	393254	395411	397255	398719	399629	399695	399788	399539	399522	399994	400720	400351
"MK17 Pohjois-Pohjanmaa"	"Suomenkielisten osuus, %"	98.0	97.9	97.7	97.6	97.5	97.2	97.1	96.9	96.8	96.7	96.4	96.1
"MK17 Pohjois-Pohjanmaa"	"Ruotsinkielisiä"	668	699	728	748	761	764	788	787	791	808	792	792
"MK17 Pohjois-Pohjanmaa"	"Ruotsinkielisten osuus, %"	0.2	0.2	0.2	0.2	0.2	0.2	0.2	0.2	0.2	0.2	0.2	0.2
"MK17 Pohjois-Pohjanmaa"	"Saamenkielisiä"	118	116	125	134	137	141	153	169	159	173	176	173
"MK17 Pohjois-Pohjanmaa"	"Vieraskielisiä"	7161	7694	8372	8935	9527	10550	11127	11666	12358	12855	13915	15227
"MK17 Pohjois-Pohjanmaa"	"Vieraskielisten osuus, %"	1.8	1.9	2.1	2.2	2.3	2.6	2.7	2.8	3.0	3.1	3.3	3.7
"MK17 Pohjois-Pohjanmaa"	"Ulkomaan kansalaisia"	6033	6286	6676	6983	7355	8054	8231	8483	8908	9208	10094	11114
"MK17 Pohjois-Pohjanmaa"	"Ulkomaan kansalaisten osuus, %"	1.5	1.6	1.6	1.7	1.8	2.0	2.0	2.1	2.2	2.2	2.4	2.7
"MK17 Pohjois-Pohjanmaa"	"Ulkomailla syntyneitä"	10679	11129	11770	12313	12801	13760	14282	14739	15377	15749	16756	17960
"MK17 Pohjois-Pohjanmaa"	"Ulkomailla syntyneiden osuus, %"	2.7	2.8	2.9	3.0	3.1	3.3	3.5	3.6	3.7	3.8	4.0	4.3
"MK17 Pohjois-Pohjanmaa"	"Ulkomaalaistaustaisia"	7658	8191	8884	9440	9874	10943	11512	12054	12744	13245	14291	15582
"MK17 Pohjois-Pohjanmaa"	"Ulkomaalaistaustaisten osuus, %"	1.9	2.0	2.2	2.3	2.4	2.7	2.8	2.9	3.1	3.2	3.4	3.7
"MK17 Pohjois-Pohjanmaa"	"Ev.lut kirkkoon kuuluvien osuus, %"	84.7	84.1	83.1	81.7	81.1	80.3	79.6	78.6	77.8	77.1	76.1	74.9
"MK17 Pohjois-Pohjanmaa"	"Muihin uskontokuntiin kuuluvien osuus, %"	1.4	1.4	1.5	1.5	1.5	1.5	1.5	1.5	1.5	1.5	1.5	1.5
"MK17 Pohjois-Pohjanmaa"	"Uskontokuntiin kuulumattomien osuus, %"	13.8	14.5	15.4	16.8	17.4	18.2	19.0	19.9	20.7	21.4	22.5	23.6
"MK17 Pohjois-Pohjanmaa"	"Maapinta-ala, km²"	36810.09	36810.33	36810.33	36810.60	36812.08	36815.41	36815.95	36818.43	36827.83	36828.32	36829.93	36830.22
"MK17 Pohjois-Pohjanmaa"	"Väestöntiheys"	10.9	11.0	11.0	11.1	11.1	11.2	11.2	11.2	11.2	11.2	11.3	11.3
"MK17 Pohjois-Pohjanmaa"	"Alueella syntyneitä, jotka ovat Suomen väestössä"	435878	437831	439388	440694	441804	442246	442589	442330	442077	441974	441606	440518
"MK17 Pohjois-Pohjanmaa"	"Alueella asuvia, jotka ovat syntyneet alueella"	309990	311435	312711	313576	313948	313756	313544	312716	312066	312114	311846	310940
"MK17 Pohjois-Pohjanmaa"	"Alueella asuvia, jotka ovat syntyneet muualla"	91211	92485	93769	94960	96106	97394	98312	99445	100764	101716	103757	105603
"MK17 Pohjois-Pohjanmaa"	"Asuinalueellaan syntyneiden osuus, %"	77.3	77.1	76.9	76.8	76.6	76.3	76.1	75.9	75.6	75.4	75.0	74.6
"MK17 Pohjois-Pohjanmaa"	"Syntymäalueellaan asuvien osuus, %"	71.1	71.1	71.2	71.2	71.1	70.9	70.8	70.7	70.6	70.6	70.6	70.6
"MK17 Pohjois-Pohjanmaa"	"Kaupunkialueella asuvien osuus, %"	55.0	55.4	55.8	56.2	56.5	56.8	57.2	57.7	58.2	58.6	58.9	59.3
"MK17 Pohjois-Pohjanmaa"	"Sisemmällä kaupunkialueella asuvien osuus, %"	18.9	19.0	19.2	19.4	19.5	19.6	19.8	20.0	20.4	20.5	20.8	21.2
"MK17 Pohjois-Pohjanmaa"	"Ulommalla kaupunkialueella asuvien osuus, %"	24.2	24.6	24.7	24.8	25.1	25.3	25.5	25.8	26.0	26.3	26.4	26.4
"MK17 Pohjois-Pohjanmaa"	"Kaupungin kehysalueella asuvien osuus, %"	11.8	11.8	11.9	12.0	12.0	11.9	12.0	11.9	11.8	11.8	11.7	11.7
"MK17 Pohjois-Pohjanmaa"	"Maaseutualueella asuvien osuus, %"	44.6	44.2	43.8	43.4	42.9	42.5	42.0	41.6	41.1	40.7	40.3	39.8
"MK17 Pohjois-Pohjanmaa"	"Maaseudun paikalliskeskuksissa asuvien osuus, %"	6.5	6.5	6.5	6.4	6.4	6.4	6.4	6.3	6.3	6.3	6.2	6.2
"MK17 Pohjois-Pohjanmaa"	"Kaupungin läheisellä maaseudulla asuvien osuus, %"	8.9	8.9	8.9	8.9	9.0	8.9	8.9	8.9	8.8	8.8	8.8	8.7
"MK17 Pohjois-Pohjanmaa"	"Ydinmaaseudulla asuvien osuus, %"	20.0	19.8	19.5	19.3	19.1	18.8	18.6	18.3	18.0	17.8	17.6	17.4
"MK17 Pohjois-Pohjanmaa"	"Harvaan asutulla maaseudulla asuvien osuus, %"	9.2	9.0	8.9	8.7	8.5	8.4	8.2	8.1	7.9	7.8	7.7	7.6
"MK18 Kainuu"	"Väestö 31.12."	77984	77435	76782	76119	75324	74803	73959	73061	72306	71664	71255	70521
"MK18 Kainuu"	"Väkiluvun muutos"	-719	-549	-653	-663	-795	-521	-844	-898	-755	-642	-409	-734
"MK18 Kainuu"	"Väkiluvun muutos, %"	-0.9	-0.7	-0.8	-0.9	-1.0	-0.7	-1.1	-1.2	-1.0	-0.9	-0.6	-1.0
"MK18 Kainuu"	"Alle 15-vuotiaiden osuus, %"	14.7	14.6	14.6	14.6	14.4	14.4	14.3	14.1	14.0	13.7	13.6	13.4
"MK18 Kainuu"	"15-64-vuotiaiden osuus, %"	63.7	62.9	62.1	61.3	60.7	60.0	59.1	58.5	57.5	57.1	56.6	56.3
"MK18 Kainuu"	"65 vuotta täyttäneiden osuus, %"	21.7	22.4	23.4	24.1	24.9	25.7	26.6	27.5	28.5	29.2	29.8	30.4
"MK18 Kainuu"	"Väestöllinen huoltosuhde"	57.1	58.9	61.1	63.2	64.8	66.7	69.1	71.1	73.9	75.2	76.5	77.7
"MK18 Kainuu"	"Taloudellinen huoltosuhde"	162.1	164.9	174.9	178.9	177.7	171.7	170.5	162.5	164.3	164.5	160.2	.
"MK18 Kainuu"	"Keski-ikä, molemmat sukupuolet"	44.6	44.9	45.2	45.5	45.9	46.1	46.4	46.8	47.2	47.4	47.6	47.8
"MK18 Kainuu"	"Keski-ikä, miehet"	43.2	43.5	43.8	44.1	44.5	44.7	45.1	45.4	45.7	46.0	46.2	46.4
"MK18 Kainuu"	"Keski-ikä, naiset"	46.1	46.3	46.7	46.9	47.3	47.5	47.8	48.2	48.6	48.9	49.0	49.2
"MK18 Kainuu"	"Suomenkielisiä"	76252	75636	74904	74194	73356	72723	71831	70982	70132	69345	68614	67565
"MK18 Kainuu"	"Suomenkielisten osuus, %"	97.8	97.7	97.6	97.5	97.4	97.2	97.1	97.2	97.0	96.8	96.3	95.8
"MK18 Kainuu"	"Ruotsinkielisiä"	63	63	64	66	69	67	73	75	82	80	73	77
"MK18 Kainuu"	"Ruotsinkielisten osuus, %"	0.1	0.1	0.1	0.1	0.1	0.1	0.1	0.1	0.1	0.1	0.1	0.1
"MK18 Kainuu"	"Saamenkielisiä"	3	3	3	3	3	3	3	2	2	2	2	3
"MK18 Kainuu"	"Vieraskielisiä"	1666	1733	1811	1856	1896	2010	2052	2002	2090	2237	2566	2876
"MK18 Kainuu"	"Vieraskielisten osuus, %"	2.1	2.2	2.4	2.4	2.5	2.7	2.8	2.7	2.9	3.1	3.6	4.1
"MK18 Kainuu"	"Ulkomaan kansalaisia"	1360	1360	1328	1335	1357	1395	1376	1327	1357	1473	1795	2055
"MK18 Kainuu"	"Ulkomaan kansalaisten osuus, %"	1.7	1.8	1.7	1.8	1.8	1.9	1.9	1.8	1.9	2.1	2.5	2.9
"MK18 Kainuu"	"Ulkomailla syntyneitä"	1935	1981	2056	2096	2129	2227	2265	2221	2283	2422	2740	3048
"MK18 Kainuu"	"Ulkomailla syntyneiden osuus, %"	2.5	2.6	2.7	2.8	2.8	3.0	3.1	3.0	3.2	3.4	3.8	4.3
"MK18 Kainuu"	"Ulkomaalaistaustaisia"	1767	1840	1905	1957	1956	2066	2109	2063	2154	2299	2620	2928
"MK18 Kainuu"	"Ulkomaalaistaustaisten osuus, %"	2.3	2.4	2.5	2.6	2.6	2.8	2.9	2.8	3.0	3.2	3.7	4.2
"MK18 Kainuu"	"Ev.lut kirkkoon kuuluvien osuus, %"	84.2	83.5	82.6	81.4	80.8	80.1	79.3	78.5	77.6	76.8	75.6	74.4
"MK18 Kainuu"	"Muihin uskontokuntiin kuuluvien osuus, %"	2.7	2.8	2.7	2.7	2.7	2.6	2.6	2.5	2.5	2.5	2.4	2.4
"MK18 Kainuu"	"Uskontokuntiin kuulumattomien osuus, %"	13.0	13.7	14.6	15.9	16.5	17.3	18.1	19.0	19.9	20.7	22.0	23.3
"MK18 Kainuu"	"Maapinta-ala, km²"	20198.50	20197.70	20197.70	20197.29	20197.41	20197.45	20197.55	20196.96	20197.12	20197.26	20197.63	20198.17
"MK18 Kainuu"	"Väestöntiheys"	3.9	3.8	3.8	3.8	3.7	3.7	3.7	3.6	3.6	3.5	3.5	3.5
"MK18 Kainuu"	"Alueella syntyneitä, jotka ovat Suomen väestössä"	111191	110691	110174	109621	108944	108259	107474	106675	105873	104915	104027	102912
"MK18 Kainuu"	"Alueella asuvia, jotka ovat syntyneet alueella"	60191	59574	58903	58228	57425	56797	56010	55131	54385	53589	52918	52110
"MK18 Kainuu"	"Alueella asuvia, jotka ovat syntyneet muualla"	17793	17861	17879	17891	17899	18006	17949	17930	17921	18075	18337	18411
"MK18 Kainuu"	"Asuinalueellaan syntyneiden osuus, %"	77.2	76.9	76.7	76.5	76.2	75.9	75.7	75.5	75.2	74.8	74.3	73.9
"MK18 Kainuu"	"Syntymäalueellaan asuvien osuus, %"	54.1	53.8	53.5	53.1	52.7	52.5	52.1	51.7	51.4	51.1	50.9	50.6
"MK18 Kainuu"	"Kaupunkialueella asuvien osuus, %"	43.3	43.6	43.9	44.2	44.5	44.7	45.0	45.2	45.3	45.6	45.7	45.9
"MK18 Kainuu"	"Sisemmällä kaupunkialueella asuvien osuus, %"	20.6	20.9	21.0	21.2	21.3	21.4	21.6	21.8	21.8	22.0	21.9	22.1
"MK18 Kainuu"	"Ulommalla kaupunkialueella asuvien osuus, %"	18.6	18.5	18.6	18.7	18.8	18.9	19.0	19.1	19.1	19.2	19.3	19.3
"MK18 Kainuu"	"Kaupungin kehysalueella asuvien osuus, %"	4.2	4.2	4.3	4.3	4.4	4.4	4.4	4.4	4.4	4.4	4.4	4.5
"MK18 Kainuu"	"Maaseutualueella asuvien osuus, %"	56.0	55.7	55.5	55.1	54.7	54.4	54.1	53.7	53.5	53.3	53.2	52.9
"MK18 Kainuu"	"Maaseudun paikalliskeskuksissa asuvien osuus, %"	15.5	15.5	15.7	15.6	15.6	15.6	15.7	15.6	15.7	15.7	15.8	15.8
"MK18 Kainuu"	"Kaupungin läheisellä maaseudulla asuvien osuus, %"	4.1	4.1	4.1	4.1	4.1	4.1	4.1	4.0	4.1	4.1	4.1	4.0
"MK18 Kainuu"	"Ydinmaaseudulla asuvien osuus, %"	5.6	5.6	5.5	5.5	5.5	5.5	5.4	5.5	5.5	5.5	5.5	5.5
"MK18 Kainuu"	"Harvaan asutulla maaseudulla asuvien osuus, %"	30.8	30.4	30.2	29.9	29.5	29.3	28.9	28.5	28.3	28.0	27.8	27.5
"MK19 Lappi"	"Väestö 31.12."	183330	182844	182514	181748	180858	180207	179223	178522	177161	176665	176494	175795
"MK19 Lappi"	"Väkiluvun muutos"	-158	-486	-330	-766	-890	-651	-984	-701	-1361	-496	-171	-699
"MK19 Lappi"	"Väkiluvun muutos, %"	-0.1	-0.3	-0.2	-0.4	-0.5	-0.4	-0.5	-0.4	-0.8	-0.3	-0.1	-0.4
"MK19 Lappi"	"Alle 15-vuotiaiden osuus, %"	15.5	15.5	15.5	15.4	15.3	15.2	15.2	15.1	14.9	14.8	14.6	14.4
"MK19 Lappi"	"15-64-vuotiaiden osuus, %"	64.8	64.2	63.4	62.7	62.0	61.5	60.9	60.3	59.8	59.2	58.7	58.5
"MK19 Lappi"	"65 vuotta täyttäneiden osuus, %"	19.6	20.3	21.1	21.9	22.6	23.2	23.9	24.6	25.3	26.0	26.6	27.1
"MK19 Lappi"	"Väestöllinen huoltosuhde"	54.2	55.8	57.6	59.6	61.2	62.5	64.2	65.8	67.3	68.8	70.2	71.0
"MK19 Lappi"	"Taloudellinen huoltosuhde"	156.1	157.8	163.4	163.9	164.9	161.1	154.7	149.3	146.7	158.4	147.8	.
"MK19 Lappi"	"Keski-ikä, molemmat sukupuolet"	43.2	43.4	43.6	43.9	44.2	44.4	44.7	44.9	45.2	45.5	45.7	45.8
"MK19 Lappi"	"Keski-ikä, miehet"	42.1	42.3	42.6	42.9	43.2	43.4	43.7	44.0	44.3	44.6	44.8	44.9
"MK19 Lappi"	"Keski-ikä, naiset"	44.3	44.5	44.7	45.0	45.2	45.4	45.6	45.8	46.2	46.4	46.6	46.7
"MK19 Lappi"	"Suomenkielisiä"	177950	177227	176576	175552	174515	173550	172386	171482	170108	169482	169071	167882
"MK19 Lappi"	"Suomenkielisten osuus, %"	97.1	96.9	96.7	96.6	96.5	96.3	96.2	96.1	96.0	95.9	95.8	95.5
"MK19 Lappi"	"Ruotsinkielisiä"	387	396	407	412	419	432	438	458	466	481	504	502
"MK19 Lappi"	"Ruotsinkielisten osuus, %"	0.2	0.2	0.2	0.2	0.2	0.2	0.2	0.3	0.3	0.3	0.3	0.3
"MK19 Lappi"	"Saamenkielisiä"	1526	1540	1560	1553	1557	1560	1560	1544	1555	1549	1550	1558
"MK19 Lappi"	"Vieraskielisiä"	3467	3681	3971	4231	4367	4665	4839	5038	5032	5153	5369	5853
"MK19 Lappi"	"Vieraskielisten osuus, %"	1.9	2.0	2.2	2.3	2.4	2.6	2.7	2.8	2.8	2.9	3.0	3.3
"MK19 Lappi"	"Ulkomaan kansalaisia"	3359	3473	3642	3794	3827	3994	4013	4102	3988	4064	4246	4628
"MK19 Lappi"	"Ulkomaan kansalaisten osuus, %"	1.8	1.9	2.0	2.1	2.1	2.2	2.2	2.3	2.3	2.3	2.4	2.6
"MK19 Lappi"	"Ulkomailla syntyneitä"	6304	6524	6801	7011	7111	7402	7520	7701	7679	7815	8031	8479
"MK19 Lappi"	"Ulkomailla syntyneiden osuus, %"	3.4	3.6	3.7	3.9	3.9	4.1	4.2	4.3	4.3	4.4	4.6	4.8
"MK19 Lappi"	"Ulkomaalaistaustaisia"	4102	4316	4610	4860	4850	5164	5331	5519	5505	5630	5861	6328
"MK19 Lappi"	"Ulkomaalaistaustaisten osuus, %"	2.2	2.4	2.5	2.7	2.7	2.9	3.0	3.1	3.1	3.2	3.3	3.6
"MK19 Lappi"	"Ev.lut kirkkoon kuuluvien osuus, %"	82.3	81.5	80.6	79.4	78.7	77.9	77.0	76.2	75.3	74.5	73.3	72.1
"MK19 Lappi"	"Muihin uskontokuntiin kuuluvien osuus, %"	1.5	1.5	1.6	1.6	1.6	1.6	1.6	1.6	1.6	1.6	1.6	1.6
"MK19 Lappi"	"Uskontokuntiin kuulumattomien osuus, %"	16.2	17.0	17.8	19.0	19.6	20.4	21.3	22.2	23.1	23.9	25.1	26.3
"MK19 Lappi"	"Maapinta-ala, km²"	92661.60	92659.75	92659.75	92660.37	92666.98	92674.49	92675.80	92674.72	92675.62	92673.82	92678.06	92683.24
"MK19 Lappi"	"Väestöntiheys"	2.0	2.0	2.0	2.0	2.0	1.9	1.9	1.9	1.9	1.9	1.9	1.9
"MK19 Lappi"	"Alueella syntyneitä, jotka ovat Suomen väestössä"	224975	224705	224408	223924	223302	222537	221706	220608	219694	218706	217633	216123
"MK19 Lappi"	"Alueella asuvia, jotka ovat syntyneet alueella"	141839	140966	140207	139136	138024	136860	135614	134311	132902	131884	130707	129186
"MK19 Lappi"	"Alueella asuvia, jotka ovat syntyneet muualla"	41491	41878	42307	42612	42834	43347	43609	44211	44259	44781	45787	46609
"MK19 Lappi"	"Asuinalueellaan syntyneiden osuus, %"	77.4	77.1	76.8	76.6	76.3	75.9	75.7	75.2	75.0	74.7	74.1	73.5
"MK19 Lappi"	"Syntymäalueellaan asuvien osuus, %"	63.0	62.7	62.5	62.1	61.8	61.5	61.2	60.9	60.5	60.3	60.1	59.8
"MK19 Lappi"	"Kaupunkialueella asuvien osuus, %"	55.8	56.1	56.3	56.5	56.8	57.0	57.2	57.5	57.8	57.9	57.9	57.9
"MK19 Lappi"	"Sisemmällä kaupunkialueella asuvien osuus, %"	14.8	14.9	15.2	15.3	15.6	15.8	16.0	16.2	16.5	16.7	16.6	16.7
"MK19 Lappi"	"Ulommalla kaupunkialueella asuvien osuus, %"	30.0	30.1	30.1	30.2	30.3	30.4	30.4	30.5	30.4	30.4	30.4	30.4
"MK19 Lappi"	"Kaupungin kehysalueella asuvien osuus, %"	11.0	11.1	11.0	11.0	10.9	10.8	10.8	10.8	10.8	10.8	10.9	10.9
"MK19 Lappi"	"Maaseutualueella asuvien osuus, %"	43.5	43.2	42.7	42.4	42.0	41.6	41.3	40.9	40.6	40.4	40.3	40.2
"MK19 Lappi"	"Maaseudun paikalliskeskuksissa asuvien osuus, %"	0.0	0.0	0.0	0.0	0.0	0.0	0.0	0.0	0.0	0.0	0.0	0.0
"MK19 Lappi"	"Kaupungin läheisellä maaseudulla asuvien osuus, %"	4.1	4.0	4.1	4.0	4.0	4.0	4.0	4.0	3.9	4.0	4.0	4.0
"MK19 Lappi"	"Ydinmaaseudulla asuvien osuus, %"	7.9	7.7	7.7	7.6	7.5	7.4	7.4	7.3	7.2	7.1	7.0	7.0
"MK19 Lappi"	"Harvaan asutulla maaseudulla asuvien osuus, %"	31.5	31.4	31.0	30.8	30.4	30.2	29.9	29.7	29.5	29.3	29.3	29.2
"MK21 Ahvenanmaa"	"Väestö 31.12."	28354	28501	28666	28916	28983	29214	29489	29789	29884	30129	30344	30359
"MK21 Ahvenanmaa"	"Väkiluvun muutos"	347	147	165	250	67	231	275	300	95	245	215	15
"MK21 Ahvenanmaa"	"Väkiluvun muutos, %"	1.2	0.5	0.6	0.9	0.2	0.8	0.9	1.0	0.3	0.8	0.7	0.0
"MK21 Ahvenanmaa"	"Alle 15-vuotiaiden osuus, %"	16.4	16.4	16.2	16.2	16.2	16.4	16.4	16.6	16.5	16.5	16.4	16.2
"MK21 Ahvenanmaa"	"15-64-vuotiaiden osuus, %"	64.7	64.2	63.8	63.4	63.0	62.5	61.9	61.2	60.8	60.5	60.2	59.9
"MK21 Ahvenanmaa"	"65 vuotta täyttäneiden osuus, %"	18.9	19.4	19.9	20.4	20.8	21.1	21.7	22.2	22.7	23.0	23.4	23.8
"MK21 Ahvenanmaa"	"Väestöllinen huoltosuhde"	54.5	55.7	56.6	57.8	58.6	59.9	61.6	63.5	64.6	65.3	66.2	66.8
"MK21 Ahvenanmaa"	"Taloudellinen huoltosuhde"	102.5	104.6	105.8	99.6	100.3	100.1	100.0	100.3	105.5	120.1	114.9	.
"MK21 Ahvenanmaa"	"Keski-ikä, molemmat sukupuolet"	42.2	42.4	42.5	42.7	42.9	43.0	43.2	43.3	43.6	43.8	44.0	44.3
"MK21 Ahvenanmaa"	"Keski-ikä, miehet"	41.1	41.3	41.4	41.6	41.8	41.9	42.1	42.2	42.5	42.7	43.0	43.3
"MK21 Ahvenanmaa"	"Keski-ikä, naiset"	43.4	43.4	43.7	43.8	44.0	44.0	44.3	44.4	44.6	44.8	45.0	45.3
"MK21 Ahvenanmaa"	"Suomenkielisiä"	1372	1373	1392	1399	1366	1367	1398	1403	1401	1405	1396	1396
"MK21 Ahvenanmaa"	"Suomenkielisten osuus, %"	4.8	4.8	4.9	4.8	4.7	4.7	4.7	4.7	4.7	4.7	4.6	4.6
"MK21 Ahvenanmaa"	"Ruotsinkielisiä"	25359	25395	25424	25531	25524	25592	25703	25848	25862	25986	26105	26057
"MK21 Ahvenanmaa"	"Ruotsinkielisten osuus, %"	89.4	89.1	88.7	88.3	88.1	87.6	87.2	86.8	86.5	86.2	86.0	85.8
"MK21 Ahvenanmaa"	"Saamenkielisiä"	0	0	0	0	0	0	0	0	0	0	0	0
"MK21 Ahvenanmaa"	"Vieraskielisiä"	1623	1733	1850	1986	2093	2255	2388	2538	2621	2738	2843	2906
"MK21 Ahvenanmaa"	"Vieraskielisten osuus, %"	5.7	6.1	6.5	6.9	7.2	7.7	8.1	8.5	8.8	9.1	9.4	9.6
"MK21 Ahvenanmaa"	"Ulkomaan kansalaisia"	2560	2610	2721	2837	2927	3092	3182	3396	3421	3578	3682	3678
"MK21 Ahvenanmaa"	"Ulkomaan kansalaisten osuus, %"	9.0	9.2	9.5	9.8	10.1	10.6	10.8	11.4	11.4	11.9	12.1	12.1
"MK21 Ahvenanmaa"	"Ulkomailla syntyneitä"	4018	4171	4316	4502	4642	4905	5082	5377	5497	5758	5977	6059
"MK21 Ahvenanmaa"	"Ulkomailla syntyneiden osuus, %"	14.2	14.6	15.1	15.6	16.0	16.8	17.2	18.1	18.4	19.1	19.7	20.0
"MK21 Ahvenanmaa"	"Ulkomaalaistaustaisia"	3293	3454	3618	3824	3862	4126	4316	4612	4758	5029	5245	5337
"MK21 Ahvenanmaa"	"Ulkomaalaistaustaisten osuus, %"	11.6	12.1	12.6	13.2	13.3	14.1	14.6	15.5	15.9	16.7	17.3	17.6
"MK21 Ahvenanmaa"	"Ev.lut kirkkoon kuuluvien osuus, %"	82.1	81.0	79.8	78.3	77.4	75.9	74.5	73.1	72.0	70.5	69.2	68.1
"MK21 Ahvenanmaa"	"Muihin uskontokuntiin kuuluvien osuus, %"	0.9	1.0	1.1	1.2	1.2	1.2	1.2	1.3	1.3	1.3	1.4	1.4
"MK21 Ahvenanmaa"	"Uskontokuntiin kuulumattomien osuus, %"	17.0	17.9	19.1	20.5	21.4	23.0	24.3	25.7	26.7	28.1	29.4	30.5
"MK21 Ahvenanmaa"	"Maapinta-ala, km²"	1552.38	1552.23	1552.23	1553.17	1553.30	1553.47	1553.50	1553.48	1553.91	1553.90	1553.96	1554.18
"MK21 Ahvenanmaa"	"Väestöntiheys"	18.3	18.4	18.5	18.6	18.7	18.8	19.0	19.2	19.2	19.4	19.5	19.5
"MK21 Ahvenanmaa"	"Alueella syntyneitä, jotka ovat Suomen väestössä"	20230	20196	20214	20245	20206	20171	20246	20227	20233	20238	20317	20269
"MK21 Ahvenanmaa"	"Alueella asuvia, jotka ovat syntyneet alueella"	18823	18802	18799	18813	18773	18747	18802	18793	18787	18807	18838	18777
"MK21 Ahvenanmaa"	"Alueella asuvia, jotka ovat syntyneet muualla"	9531	9699	9867	10103	10210	10467	10687	10996	11097	11322	11506	11582
"MK21 Ahvenanmaa"	"Asuinalueellaan syntyneiden osuus, %"	66.4	66.0	65.6	65.1	64.8	64.2	63.8	63.1	62.9	62.4	62.1	61.8
"MK21 Ahvenanmaa"	"Syntymäalueellaan asuvien osuus, %"	93.0	93.1	93.0	92.9	92.9	92.9	92.9	92.9	92.9	92.9	92.7	92.6
"MK21 Ahvenanmaa"	"Kaupunkialueella asuvien osuus, %"	0.0	0.0	0.0	0.0	0.0	0.0	0.0	0.0	0.0	0.0	0.0	0.0
"MK21 Ahvenanmaa"	"Sisemmällä kaupunkialueella asuvien osuus, %"	0.0	0.0	0.0	0.0	0.0	0.0	0.0	0.0	0.0	0.0	0.0	0.0
"MK21 Ahvenanmaa"	"Ulommalla kaupunkialueella asuvien osuus, %"	0.0	0.0	0.0	0.0	0.0	0.0	0.0	0.0	0.0	0.0	0.0	0.0
"MK21 Ahvenanmaa"	"Kaupungin kehysalueella asuvien osuus, %"	0.0	0.0	0.0	0.0	0.0	0.0	0.0	0.0	0.0	0.0	0.0	0.0
"MK21 Ahvenanmaa"	"Maaseutualueella asuvien osuus, %"	99.2	99.2	99.3	99.3	99.0	99.0	98.9	98.7	98.5	98.4	98.4	98.5
"MK21 Ahvenanmaa"	"Maaseudun paikalliskeskuksissa asuvien osuus, %"	47.2	47.6	47.7	48.1	48.2	48.6	48.7	49.0	49.0	49.1	49.1	49.3
"MK21 Ahvenanmaa"	"Kaupungin läheisellä maaseudulla asuvien osuus, %"	0.0	0.0	0.0	0.0	0.0	0.0	0.0	0.0	0.0	0.0	0.0	0.0
"MK21 Ahvenanmaa"	"Ydinmaaseudulla asuvien osuus, %"	43.8	43.8	43.7	43.4	43.3	42.9	43.0	42.6	42.5	42.4	42.5	42.4
"MK21 Ahvenanmaa"	"Harvaan asutulla maaseudulla asuvien osuus, %"	8.1	7.9	7.8	7.8	7.6	7.5	7.1	7.1	7.0	6.9	6.8	6.8
