City,2010_talouksien_keskikoko_te,2011_talouksien_keskikoko_te,2012_talouksien_keskikoko_te,2013_talouksien_keskikoko_te,2014_talouksien_keskikoko_te,2015_talouksien_keskikoko_te,2016_talouksien_keskikoko_te,2017_talouksien_keskikoko_te,2018_talouksien_keskikoko_te,2019_talouksien_keskikoko_te,2020_talouksien_keskikoko_te,2021_talouksien_keskikoko_te
Askola,2.4,2.4,2.4,2.4,2.4,2.4,2.4,2.4,2.3,2.3,2.3,2.3
Espoo,2.3,2.2,2.2,2.2,2.2,2.2,2.2,2.2,2.2,2.2,2.2,2.1
Hanko,2.0,2.0,2.0,1.9,1.9,1.9,1.9,1.9,1.9,1.9,1.8,1.8
Helsinki,1.9,1.9,1.9,1.9,1.9,1.9,1.9,1.9,1.9,1.9,1.8,1.8
Hyvinkää,2.1,2.1,2.1,2.1,2.0,2.0,2.0,2.0,2.0,2.0,1.9,1.9
Inkoo,2.3,2.3,2.3,2.3,2.3,2.3,2.3,2.2,2.2,2.2,2.2,2.2
Järvenpää,2.1,2.1,2.1,2.1,2.1,2.1,2.1,2.1,2.0,2.0,2.0,2.0
Karkkila,2.1,2.1,2.1,2.1,2.1,2.1,2.1,2.1,2.0,2.0,2.0,2.0
Kauniainen,2.5,2.5,2.4,2.4,2.4,2.4,2.4,2.3,2.3,2.3,2.3,2.3
Kerava,2.1,2.1,2.1,2.1,2.1,2.0,2.0,2.0,2.0,2.0,1.9,1.9
Kirkkonummi,2.5,2.5,2.5,2.4,2.4,2.4,2.4,2.4,2.3,2.3,2.3,2.2
Lapinjärvi,2.1,2.1,2.1,2.1,2.1,2.1,2.1,2.1,2.1,2.0,2.0,2.0
Lohja,2.2,2.2,2.2,2.2,2.1,2.1,2.1,2.1,2.1,2.1,2.0,2.0
Loviisa,2.0,2.0,2.0,2.0,2.0,2.0,2.0,2.0,1.9,1.9,1.9,1.9
Myrskylä,2.2,2.2,2.2,2.2,2.2,2.2,2.2,2.2,2.1,2.1,2.0,2.0
Mäntsälä,2.4,2.4,2.4,2.4,2.4,2.4,2.4,2.3,2.3,2.3,2.2,2.2
Nurmijärvi,2.5,2.5,2.5,2.5,2.5,2.5,2.4,2.4,2.4,2.3,2.3,2.3
Pornainen,2.8,2.8,2.8,2.7,2.7,2.7,2.7,2.6,2.6,2.5,2.5,2.5
Porvoo,2.2,2.2,2.2,2.2,2.2,2.1,2.1,2.1,2.1,2.1,2.1,2.1
Pukkila,2.3,2.3,2.3,2.3,2.3,2.2,2.2,2.2,2.1,2.1,2.1,2.1
Raasepori,2.1,2.1,2.1,2.1,2.0,2.0,2.0,2.0,2.0,2.0,2.0,1.9
Sipoo,2.5,2.5,2.5,2.5,2.5,2.4,2.4,2.4,2.3,2.3,2.2,2.2
Siuntio,2.5,2.5,2.5,2.5,2.4,2.4,2.4,2.4,2.3,2.3,2.3,2.3
Tuusula,2.4,2.4,2.4,2.4,2.4,2.4,2.3,2.3,2.3,2.3,2.2,2.2
Vantaa,2.2,2.1,2.1,2.1,2.1,2.1,2.1,2.1,2.1,2.1,2.0,2.0
Vihti,2.4,2.4,2.3,2.3,2.3,2.3,2.3,2.2,2.2,2.2,2.2,2.2
Aura,2.3,2.3,2.3,2.3,2.3,2.3,2.2,2.2,2.2,2.2,2.2,2.2
Kaarina,2.3,2.3,2.3,2.3,2.3,2.3,2.3,2.2,2.2,2.2,2.2,2.2
Kemiönsaari,2.1,2.0,2.0,2.0,2.0,2.0,2.0,2.0,1.9,1.9,1.9,1.9
Koski Tl,2.0,2.0,2.0,2.0,2.0,2.0,2.0,2.0,2.0,1.9,1.9,1.9
Kustavi,1.9,2.0,1.9,1.9,1.9,1.9,1.9,1.8,1.9,1.9,1.9,1.9
Laitila,2.1,2.1,2.1,2.1,2.1,2.1,2.1,2.1,2.1,2.0,2.0,2.0
Lieto,2.5,2.5,2.5,2.5,2.5,2.4,2.4,2.4,2.4,2.4,2.3,2.3
Loimaa,2.0,2.0,2.0,2.0,2.0,2.0,2.0,2.0,1.9,1.9,1.9,1.9
Marttila,2.1,2.1,2.1,2.1,2.1,2.1,2.1,2.1,2.1,2.1,2.1,2.0
Masku,2.6,2.6,2.6,2.5,2.5,2.5,2.5,2.5,2.5,2.4,2.4,2.4
Mynämäki,2.2,2.2,2.2,2.2,2.2,2.2,2.1,2.1,2.1,2.1,2.1,2.1
Naantali,2.2,2.1,2.1,2.1,2.1,2.1,2.1,2.1,2.1,2.1,2.0,2.0
Nousiainen,2.5,2.5,2.5,2.5,2.5,2.4,2.4,2.4,2.4,2.3,2.3,2.3
Oripää,2.2,2.2,2.2,2.2,2.2,2.2,2.2,2.2,2.2,2.1,2.1,2.1
Paimio,2.2,2.2,2.2,2.2,2.2,2.2,2.2,2.2,2.2,2.2,2.1,2.1
Parainen,2.2,2.2,2.2,2.2,2.2,2.1,2.1,2.1,2.1,2.1,2.1,2.1
Pyhäranta,2.3,2.3,2.3,2.3,2.2,2.2,2.2,2.1,2.1,2.1,2.1,2.1
Pöytyä,2.2,2.2,2.2,2.2,2.2,2.2,2.2,2.2,2.2,2.1,2.1,2.1
Raisio,2.1,2.1,2.1,2.1,2.1,2.1,2.0,2.0,2.0,2.0,2.0,2.0
Rusko,2.7,2.6,2.6,2.6,2.5,2.5,2.5,2.5,2.5,2.5,2.5,2.4
Salo,2.1,2.1,2.1,2.0,2.0,2.0,2.0,2.0,2.0,1.9,1.9,1.9
Sauvo,2.2,2.2,2.2,2.2,2.2,2.2,2.2,2.2,2.2,2.1,2.1,2.1
Somero,2.1,2.1,2.0,2.0,2.0,2.0,2.0,2.0,2.0,2.0,1.9,1.9
Taivassalo,2.1,2.0,2.0,2.0,2.0,2.0,2.0,2.0,2.0,2.0,2.0,2.0
Turku,1.8,1.8,1.8,1.8,1.8,1.8,1.8,1.8,1.8,1.7,1.7,1.7
Uusikaupunki,2.0,2.0,2.0,2.0,2.0,2.0,1.9,1.9,1.9,1.9,1.9,1.9
Vehmaa,2.1,2.1,2.0,2.0,2.0,2.0,2.0,2.0,2.0,2.0,2.0,2.0
Eura,2.1,2.1,2.1,2.1,2.1,2.1,2.1,2.1,2.0,2.0,2.0,2.0
Eurajoki,2.3,2.3,2.3,2.3,2.3,2.3,2.3,2.2,2.2,2.2,2.2,2.2
Harjavalta,1.9,1.9,1.9,1.9,1.9,1.9,1.9,1.9,1.8,1.8,1.8,1.8
Huittinen,2.0,2.0,2.0,2.0,2.0,2.0,2.0,2.0,1.9,1.9,1.9,1.9
Jämijärvi,2.2,2.2,2.2,2.2,2.2,2.2,2.2,2.2,2.1,2.1,2.1,2.0
Kankaanpää,2.1,2.1,2.0,2.0,2.0,2.0,2.0,2.0,2.0,1.9,1.9,1.9
Karvia,2.1,2.1,2.1,2.1,2.1,2.0,2.0,2.0,2.0,2.0,2.0,1.9
Kokemäki,2.0,2.0,2.0,2.0,2.0,2.0,2.0,2.0,1.9,1.9,1.9,1.9
Merikarvia,2.1,2.1,2.1,2.0,2.0,2.0,2.0,2.0,2.0,2.0,2.0,2.0
Nakkila,2.2,2.2,2.1,2.1,2.1,2.1,2.1,2.1,2.1,2.0,2.0,2.0
Pomarkku,2.2,2.2,2.2,2.1,2.1,2.1,2.1,2.1,2.1,2.1,2.0,2.0
Pori,2.0,1.9,1.9,1.9,1.9,1.9,1.9,1.9,1.9,1.9,1.8,1.8
Rauma,2.0,2.0,2.0,2.0,2.0,2.0,2.0,2.0,1.9,1.9,1.9,1.9
Siikainen,2.1,2.1,2.1,2.1,2.1,2.0,2.1,2.0,2.0,2.0,2.0,1.9
Säkylä,2.1,2.1,2.1,2.1,2.0,2.0,2.0,2.0,2.0,1.9,1.9,1.9
Ulvila,2.2,2.2,2.2,2.2,2.2,2.2,2.2,2.2,2.1,2.1,2.1,2.1
Forssa,1.9,1.9,1.9,1.9,1.8,1.8,1.8,1.8,1.8,1.8,1.8,1.8
Hattula,2.3,2.3,2.3,2.3,2.3,2.3,2.3,2.2,2.2,2.2,2.2,2.2
Hausjärvi,2.3,2.3,2.3,2.3,2.3,2.3,2.3,2.2,2.2,2.2,2.2,2.1
Humppila,2.1,2.1,2.1,2.1,2.1,2.1,2.1,2.0,2.0,2.0,1.9,2.0
Hämeenlinna,2.0,2.0,2.0,2.0,2.0,2.0,1.9,1.9,1.9,1.9,1.9,1.9
Janakkala,2.2,2.2,2.2,2.1,2.1,2.1,2.1,2.1,2.1,2.1,2.0,2.0
Jokioinen,2.3,2.2,2.2,2.2,2.2,2.2,2.1,2.1,2.1,2.1,2.1,2.1
Loppi,2.3,2.3,2.3,2.3,2.3,2.3,2.2,2.2,2.2,2.2,2.2,2.1
Riihimäki,2.0,2.0,2.0,2.0,2.0,2.0,2.0,2.0,1.9,1.9,1.9,1.9
Tammela,2.3,2.3,2.3,2.3,2.2,2.2,2.2,2.2,2.1,2.1,2.1,2.1
Ypäjä,2.1,2.1,2.1,2.1,2.1,2.0,2.0,2.0,2.0,2.0,1.9,1.9
Akaa,2.2,2.2,2.2,2.2,2.2,2.1,2.1,2.1,2.1,2.1,2.0,2.0
Hämeenkyrö,2.2,2.2,2.2,2.2,2.2,2.2,2.2,2.2,2.2,2.1,2.1,2.1
Ikaalinen,2.1,2.0,2.0,2.0,2.0,2.0,2.0,2.0,2.0,1.9,1.9,1.9
Juupajoki,2.2,2.1,2.1,2.1,2.2,2.1,2.1,2.1,2.1,2.0,2.0,2.0
Kangasala,2.3,2.3,2.3,2.3,2.3,2.3,2.3,2.2,2.2,2.2,2.2,2.2
Kihniö,2.2,2.2,2.2,2.2,2.2,2.1,2.1,2.1,2.1,2.1,2.0,2.0
Kuhmoinen,1.8,1.8,1.8,1.8,1.8,1.8,1.8,1.7,1.7,1.7,1.7,1.7
Lempäälä,2.5,2.5,2.5,2.5,2.4,2.4,2.4,2.4,2.4,2.4,2.3,2.3
Mänttä-Vilppula,1.9,1.9,1.9,1.9,1.9,1.9,1.9,1.9,1.8,1.8,1.8,1.8
Nokia,2.2,2.2,2.2,2.2,2.2,2.2,2.2,2.2,2.1,2.1,2.1,2.1
Orivesi,2.1,2.1,2.1,2.1,2.1,2.0,2.0,2.0,2.0,2.0,2.0,1.9
Parkano,2.1,2.1,2.1,2.1,2.0,2.1,2.0,2.0,2.0,1.9,1.9,1.9
Pirkkala,2.4,2.4,2.4,2.4,2.3,2.3,2.3,2.3,2.3,2.3,2.2,2.2
Punkalaidun,2.1,2.1,2.0,2.0,2.0,2.0,2.0,2.0,2.0,1.9,1.9,1.9
Pälkäne,2.2,2.2,2.2,2.1,2.1,2.1,2.1,2.1,2.1,2.1,2.1,2.0
Ruovesi,2.0,2.0,2.0,2.0,2.0,2.0,1.9,1.9,1.9,1.9,1.9,1.8
Sastamala,2.1,2.1,2.1,2.1,2.1,2.1,2.0,2.0,2.0,2.0,2.0,2.0
Tampere,1.9,1.9,1.8,1.8,1.8,1.8,1.8,1.8,1.8,1.8,1.8,1.7
Urjala,2.0,2.0,2.0,2.0,2.0,2.0,1.9,1.9,1.9,1.9,1.9,1.9
Valkeakoski,2.0,2.0,2.0,2.0,2.0,2.0,2.0,2.0,2.0,2.0,2.0,1.9
Vesilahti,2.6,2.6,2.6,2.5,2.5,2.5,2.5,2.5,2.4,2.4,2.4,2.4
Virrat,2.0,2.0,2.0,2.0,2.0,1.9,1.9,1.9,1.9,1.9,1.9,1.9
Ylöjärvi,2.4,2.4,2.4,2.4,2.4,2.4,2.4,2.4,2.4,2.3,2.3,2.3
Asikkala,2.1,2.1,2.1,2.0,2.0,2.0,2.0,2.0,2.0,2.0,2.0,2.0
Hartola,1.9,1.9,1.8,1.8,1.8,1.8,1.8,1.8,1.8,1.7,1.7,1.7
Heinola,1.9,1.9,1.9,1.9,1.9,1.9,1.8,1.8,1.8,1.8,1.8,1.8
Hollola,2.3,2.3,2.3,2.3,2.3,2.2,2.2,2.2,2.2,2.2,2.1,2.1
Iitti,2.0,2.0,2.0,2.0,2.0,2.0,2.0,1.9,1.9,1.9,1.9,1.9
Kärkölä,2.2,2.1,2.1,2.1,2.1,2.1,2.1,2.0,2.0,2.0,1.9,1.9
Lahti,1.9,1.9,1.9,1.9,1.9,1.9,1.9,1.9,1.8,1.8,1.8,1.8
Orimattila,2.2,2.1,2.1,2.1,2.1,2.1,2.1,2.1,2.1,2.1,2.0,2.0
Padasjoki,2.0,2.0,2.0,2.0,1.9,1.9,1.9,1.9,1.9,1.9,1.8,1.8
Sysmä,1.9,1.9,1.9,1.8,1.8,1.8,1.8,1.8,1.8,1.8,1.7,1.7
Hamina,2.0,2.0,2.0,2.0,2.0,2.0,1.9,1.9,1.9,1.9,1.9,1.9
Kotka,1.9,1.9,1.9,1.9,1.9,1.9,1.9,1.8,1.8,1.8,1.8,1.8
Kouvola,2.0,2.0,2.0,1.9,1.9,1.9,1.9,1.9,1.9,1.9,1.8,1.8
Miehikkälä,2.1,2.1,2.1,2.0,2.0,2.0,2.0,2.0,1.9,1.9,1.9,1.9
Pyhtää,2.2,2.2,2.2,2.2,2.2,2.2,2.2,2.2,2.2,2.1,2.1,2.1
Virolahti,2.1,2.1,2.1,2.1,2.1,2.0,2.0,2.0,2.0,1.9,1.9,1.9
Imatra,1.9,1.9,1.9,1.9,1.9,1.9,1.8,1.8,1.8,1.8,1.8,1.8
Lappeenranta,2.0,1.9,1.9,1.9,1.9,1.9,1.9,1.9,1.9,1.9,1.8,1.8
Lemi,2.3,2.3,2.2,2.3,2.3,2.2,2.2,2.2,2.2,2.2,2.1,2.1
Luumäki,2.0,2.0,2.0,2.0,2.0,1.9,1.9,1.9,1.9,1.9,1.9,1.8
Parikkala,2.0,2.0,2.0,1.9,1.9,1.9,1.9,1.8,1.8,1.8,1.8,1.8
Rautjärvi,2.0,1.9,1.9,1.9,1.9,1.9,1.8,1.8,1.8,1.8,1.8,1.7
Ruokolahti,2.1,2.1,2.1,2.1,2.0,2.0,2.0,2.0,2.0,1.9,1.9,1.9
Savitaipale,2.0,2.0,2.0,2.0,2.0,2.0,1.9,1.9,1.9,1.9,1.8,1.8
Taipalsaari,2.4,2.4,2.3,2.3,2.3,2.3,2.3,2.2,2.2,2.2,2.2,2.2
Enonkoski,2.1,2.1,2.1,2.1,2.1,2.0,2.0,2.0,2.0,1.9,1.9,1.9
Hirvensalmi,2.0,1.9,1.9,1.9,1.9,1.9,1.9,1.9,1.9,1.9,1.8,1.8
Juva,2.1,2.0,2.0,2.0,2.0,2.0,1.9,1.9,1.9,1.9,1.9,1.9
Kangasniemi,2.0,2.0,2.0,2.0,1.9,1.9,1.9,1.9,1.9,1.9,1.8,1.8
Mikkeli,2.0,2.0,2.0,2.0,2.0,1.9,1.9,1.9,1.9,1.9,1.9,1.8
Mäntyharju,1.9,1.9,1.9,1.9,1.9,1.9,1.9,1.9,1.9,1.8,1.8,1.8
Pertunmaa,1.9,1.9,1.9,1.9,1.9,1.9,1.9,1.8,1.8,1.8,1.8,1.8
Pieksämäki,1.9,1.9,1.9,1.9,1.9,1.9,1.9,1.8,1.8,1.8,1.8,1.8
Puumala,2.0,1.9,1.9,1.9,1.9,1.9,1.9,1.8,1.8,1.8,1.8,1.8
Rantasalmi,2.1,2.1,2.1,2.0,2.0,2.0,2.0,1.9,1.9,1.9,1.9,1.9
Savonlinna,2.0,1.9,1.9,1.9,1.9,1.9,1.9,1.9,1.8,1.8,1.8,1.8
Sulkava,2.0,2.0,2.0,2.0,2.0,1.9,1.9,1.9,1.9,1.9,1.9,1.8
Iisalmi,2.0,2.0,2.0,2.0,2.0,2.0,2.0,1.9,1.9,1.9,1.9,1.9
Joroinen,2.1,2.1,2.1,2.1,2.1,2.1,2.0,2.0,2.0,2.0,2.0,1.9
Kaavi,2.0,2.0,2.0,1.9,1.9,1.9,1.9,1.9,1.9,1.8,1.8,1.8
Keitele,2.0,2.0,2.0,2.0,2.0,2.0,2.0,2.0,2.0,1.9,1.9,1.9
Kiuruvesi,2.1,2.1,2.1,2.1,2.0,2.0,2.0,2.0,2.0,1.9,1.9,1.9
Kuopio,2.0,2.0,2.0,2.0,2.0,1.9,1.9,1.9,1.9,1.9,1.9,1.9
Lapinlahti,2.1,2.1,2.1,2.1,2.1,2.0,2.0,2.0,2.0,2.0,2.0,2.0
Leppävirta,2.1,2.1,2.1,2.0,2.0,2.0,2.0,2.0,2.0,2.0,2.0,1.9
Pielavesi,2.1,2.1,2.1,2.0,2.0,2.0,2.0,2.0,2.0,1.9,1.9,1.9
Rautalampi,2.0,2.0,2.0,2.0,1.9,1.9,1.9,1.9,1.9,1.9,1.9,1.9
Rautavaara,2.0,1.9,1.9,1.9,1.9,1.9,1.9,1.9,1.9,1.8,1.8,1.8
Siilinjärvi,2.4,2.4,2.4,2.3,2.3,2.3,2.3,2.3,2.3,2.2,2.2,2.2
Sonkajärvi,2.1,2.1,2.1,2.1,2.0,2.0,2.0,2.0,2.0,1.9,1.9,1.9
Suonenjoki,2.0,2.0,2.0,2.0,1.9,1.9,1.9,1.9,1.9,1.9,1.9,1.9
Tervo,2.0,2.0,2.0,2.0,1.9,1.9,1.9,1.9,1.9,1.8,1.8,1.8
Tuusniemi,2.0,1.9,1.9,1.9,1.9,1.9,1.9,1.8,1.8,1.8,1.8,1.8
Varkaus,1.9,1.9,1.9,1.9,1.9,1.9,1.8,1.8,1.8,1.8,1.8,1.8
Vesanto,2.0,2.0,2.0,1.9,1.9,1.9,1.9,1.9,1.8,1.8,1.8,1.8
Vieremä,2.3,2.3,2.2,2.2,2.2,2.2,2.2,2.2,2.2,2.1,2.1,2.1
Heinävesi,2.0,1.9,1.9,1.9,1.9,1.9,1.9,1.9,1.8,1.8,1.8,1.8
Ilomantsi,1.9,1.9,1.9,1.9,1.8,1.8,1.8,1.8,1.8,1.8,1.8,1.7
Joensuu,2.0,1.9,1.9,1.9,1.9,1.9,1.9,1.9,1.8,1.8,1.8,1.8
Juuka,2.0,2.0,1.9,1.9,1.9,1.9,1.9,1.8,1.8,1.8,1.8,1.8
Kitee,2.0,2.0,2.0,2.0,1.9,1.9,1.9,1.9,1.9,1.9,1.9,1.8
Kontiolahti,2.5,2.5,2.5,2.5,2.4,2.4,2.4,2.4,2.4,2.3,2.3,2.3
Lieksa,1.8,1.8,1.8,1.8,1.8,1.8,1.8,1.7,1.7,1.7,1.7,1.7
Liperi,2.3,2.3,2.3,2.2,2.2,2.2,2.2,2.2,2.2,2.1,2.1,2.1
Nurmes,2.0,1.9,1.9,1.9,1.9,1.9,1.9,1.9,1.8,1.8,1.8,1.8
Outokumpu,2.0,1.9,1.9,1.9,1.9,1.9,1.9,1.9,1.9,1.8,1.8,1.8
Polvijärvi,2.1,2.0,2.0,2.0,2.0,2.0,2.0,2.0,1.9,1.9,1.9,1.9
Rääkkylä,1.9,1.9,1.9,1.9,1.9,1.9,1.8,1.8,1.8,1.8,1.8,1.7
Tohmajärvi,2.1,2.0,2.0,2.0,2.0,2.0,2.0,2.0,2.0,1.9,1.9,1.9
Hankasalmi,2.2,2.1,2.1,2.1,2.1,2.1,2.1,2.1,2.0,2.0,2.0,2.0
Joutsa,1.9,1.9,1.9,1.9,1.9,1.8,1.8,1.8,1.8,1.8,1.8,1.8
Jyväskylä,2.0,2.0,2.0,2.0,2.0,2.0,1.9,1.9,1.9,1.9,1.8,1.8
Jämsä,2.0,2.0,2.0,2.0,2.0,2.0,2.0,1.9,1.9,1.9,1.9,1.8
Kannonkoski,2.1,2.1,2.1,2.1,2.1,2.1,2.0,2.0,2.0,2.0,1.9,1.9
Karstula,2.2,2.2,2.1,2.1,2.1,2.1,2.1,2.1,2.0,2.0,2.0,2.0
Keuruu,2.0,2.0,2.0,2.0,1.9,1.9,1.9,1.9,1.9,1.9,1.9,1.9
Kinnula,2.4,2.4,2.4,2.4,2.4,2.3,2.3,2.3,2.2,2.2,2.2,2.2
Kivijärvi,2.2,2.2,2.2,2.1,2.2,2.1,2.0,2.0,2.0,2.0,2.0,2.0
Konnevesi,2.2,2.1,2.1,2.1,2.1,2.0,2.0,2.0,2.0,2.0,1.9,1.9
Kyyjärvi,2.2,2.2,2.2,2.2,2.1,2.1,2.1,2.1,2.1,2.1,2.1,2.0
Laukaa,2.4,2.4,2.4,2.4,2.4,2.4,2.4,2.4,2.4,2.4,2.3,2.3
Luhanka,2.1,2.0,2.0,2.0,2.0,2.0,2.0,1.9,1.9,1.8,1.8,1.8
Multia,2.2,2.1,2.1,2.1,2.1,2.1,2.0,2.0,2.0,2.0,2.0,1.9
Muurame,2.5,2.5,2.5,2.4,2.4,2.4,2.4,2.4,2.4,2.4,2.4,2.3
Petäjävesi,2.2,2.2,2.2,2.2,2.2,2.2,2.2,2.2,2.2,2.2,2.1,2.1
Pihtipudas,2.2,2.2,2.1,2.1,2.1,2.1,2.0,2.0,2.0,2.0,1.9,1.9
Saarijärvi,2.1,2.1,2.1,2.0,2.0,2.0,2.0,2.0,1.9,1.9,1.9,1.9
Toivakka,2.3,2.3,2.2,2.3,2.2,2.2,2.2,2.2,2.2,2.2,2.2,2.1
Uurainen,2.6,2.6,2.6,2.6,2.6,2.6,2.6,2.6,2.6,2.5,2.5,2.5
Viitasaari,2.1,2.1,2.0,2.0,2.0,2.0,2.0,1.9,1.9,1.9,1.9,1.8
Äänekoski,2.1,2.1,2.1,2.1,2.0,2.0,2.0,2.0,2.0,2.0,1.9,1.9
Alajärvi,2.5,2.4,2.4,2.4,2.4,2.4,2.3,2.3,2.3,2.3,2.2,2.2
Alavus,2.3,2.3,2.3,2.2,2.2,2.2,2.2,2.2,2.1,2.1,2.1,2.1
Evijärvi,2.3,2.3,2.3,2.3,2.3,2.3,2.2,2.2,2.2,2.2,2.2,2.1
Ilmajoki,2.4,2.4,2.4,2.4,2.3,2.3,2.3,2.3,2.3,2.3,2.2,2.2
Isojoki,2.1,2.1,2.0,2.0,2.0,2.0,2.0,1.9,1.9,1.9,1.9,1.9
Isokyrö,2.2,2.2,2.2,2.2,2.2,2.2,2.2,2.1,2.1,2.1,2.1,2.1
Karijoki,2.1,2.1,2.1,2.0,2.0,1.9,2.0,1.9,1.9,1.9,1.8,1.8
Kauhajoki,2.2,2.1,2.1,2.1,2.1,2.1,2.1,2.1,2.0,2.0,2.0,2.0
Kauhava,2.3,2.2,2.2,2.2,2.2,2.2,2.2,2.1,2.1,2.1,2.1,2.1
Kuortane,2.2,2.2,2.2,2.2,2.2,2.2,2.2,2.2,2.1,2.1,2.1,2.1
Kurikka,2.2,2.2,2.2,2.2,2.2,2.1,2.1,2.1,2.1,2.1,2.0,2.0
Lappajärvi,2.3,2.3,2.3,2.2,2.2,2.2,2.2,2.2,2.2,2.2,2.1,2.1
Lapua,2.3,2.3,2.3,2.3,2.3,2.3,2.3,2.2,2.2,2.2,2.2,2.2
Seinäjoki,2.1,2.1,2.1,2.1,2.1,2.1,2.1,2.0,2.0,2.0,2.0,2.0
Soini,2.3,2.3,2.3,2.3,2.3,2.3,2.2,2.2,2.2,2.2,2.1,2.1
Teuva,2.2,2.2,2.2,2.2,2.1,2.1,2.1,2.1,2.1,2.0,2.0,2.0
Vimpeli,2.4,2.3,2.3,2.3,2.3,2.3,2.2,2.2,2.2,2.1,2.1,2.1
Ähtäri,2.1,2.1,2.1,2.1,2.0,2.0,2.0,2.0,2.0,2.0,1.9,1.9
Kaskinen,2.0,2.0,2.0,2.0,1.9,1.9,1.9,1.9,1.9,1.8,1.8,1.9
Korsnäs,2.3,2.3,2.3,2.3,2.3,2.3,2.3,2.3,2.2,2.2,2.2,2.2
Kristiinankaupunki,2.1,2.1,2.1,2.1,2.1,2.0,2.0,2.0,2.0,2.0,2.0,2.0
Kruunupyy,2.6,2.5,2.5,2.5,2.5,2.5,2.5,2.5,2.4,2.4,2.4,2.4
Laihia,2.3,2.3,2.3,2.3,2.3,2.3,2.3,2.3,2.3,2.2,2.2,2.2
Luoto,3.3,3.3,3.3,3.2,3.2,3.2,3.2,3.2,3.1,3.1,3.1,3.1
Maalahti,2.2,2.2,2.2,2.2,2.2,2.2,2.2,2.1,2.1,2.1,2.1,2.1
Mustasaari,2.4,2.4,2.4,2.4,2.4,2.4,2.4,2.4,2.4,2.4,2.3,2.3
Närpiö,2.2,2.2,2.2,2.2,2.2,2.2,2.2,2.2,2.2,2.2,2.2,2.2
Pedersören kunta,2.9,2.9,2.9,2.8,2.8,2.8,2.8,2.8,2.8,2.8,2.8,2.7
Pietarsaari,2.2,2.1,2.1,2.1,2.1,2.1,2.1,2.1,2.1,2.1,2.0,2.0
Uusikaarlepyy,2.4,2.3,2.3,2.3,2.3,2.3,2.3,2.3,2.3,2.3,2.3,2.3
Vaasa,2.0,2.0,2.0,2.0,2.0,2.0,2.0,1.9,1.9,1.9,1.9,1.9
Vöyri,2.3,2.3,2.3,2.3,2.3,2.3,2.3,2.3,2.2,2.2,2.2,2.2
Halsua,2.4,2.3,2.3,2.3,2.3,2.3,2.3,2.2,2.2,2.1,2.1,2.1
Kannus,2.4,2.3,2.3,2.3,2.3,2.3,2.2,2.2,2.2,2.2,2.2,2.2
Kaustinen,2.4,2.4,2.4,2.4,2.4,2.4,2.3,2.3,2.3,2.3,2.3,2.2
Kokkola,2.3,2.3,2.2,2.2,2.2,2.2,2.2,2.2,2.2,2.2,2.2,2.1
Lestijärvi,2.3,2.3,2.3,2.3,2.3,2.2,2.2,2.2,2.2,2.1,2.1,2.1
Perho,2.7,2.7,2.7,2.7,2.7,2.7,2.7,2.7,2.6,2.6,2.6,2.6
Toholampi,2.5,2.5,2.4,2.4,2.4,2.4,2.4,2.4,2.3,2.3,2.3,2.2
Veteli,2.4,2.3,2.3,2.3,2.3,2.3,2.2,2.2,2.2,2.2,2.2,2.1
Alavieska,2.4,2.4,2.4,2.4,2.3,2.3,2.3,2.3,2.3,2.2,2.3,2.2
Haapajärvi,2.4,2.4,2.3,2.3,2.3,2.3,2.3,2.2,2.2,2.2,2.1,2.1
Haapavesi,2.4,2.4,2.4,2.3,2.3,2.3,2.3,2.3,2.3,2.3,2.2,2.2
Hailuoto,2.1,2.1,2.0,2.0,2.0,2.0,2.0,2.0,2.0,1.9,1.9,1.9
Ii,2.5,2.5,2.4,2.4,2.4,2.4,2.4,2.4,2.4,2.4,2.4,2.3
Kalajoki,2.4,2.4,2.4,2.3,2.3,2.3,2.3,2.3,2.3,2.2,2.2,2.2
Kempele,2.6,2.6,2.5,2.5,2.5,2.5,2.5,2.5,2.5,2.4,2.4,2.4
Kuusamo,2.2,2.2,2.2,2.1,2.1,2.1,2.1,2.1,2.1,2.0,2.0,2.0
Kärsämäki,2.3,2.3,2.3,2.3,2.3,2.3,2.2,2.2,2.2,2.2,2.2,2.2
Liminka,3.1,3.1,3.1,3.1,3.1,3.2,3.1,3.1,3.1,3.1,3.0,3.0
Lumijoki,2.7,2.7,2.7,2.7,2.7,2.7,2.7,2.7,2.7,2.7,2.7,2.6
Merijärvi,2.6,2.6,2.6,2.5,2.6,2.6,2.6,2.6,2.5,2.5,2.5,2.5
Muhos,2.5,2.5,2.5,2.5,2.5,2.5,2.5,2.5,2.5,2.4,2.4,2.4
Nivala,2.5,2.5,2.5,2.5,2.4,2.4,2.4,2.4,2.4,2.4,2.3,2.3
Oulainen,2.2,2.2,2.2,2.2,2.2,2.2,2.2,2.1,2.1,2.1,2.1,2.0
Oulu,2.1,2.1,2.1,2.1,2.1,2.1,2.1,2.0,2.0,2.0,2.0,1.9
Pudasjärvi,2.2,2.2,2.2,2.2,2.2,2.1,2.1,2.1,2.1,2.1,2.0,2.0
Pyhäjoki,2.4,2.3,2.3,2.3,2.3,2.3,2.3,2.3,2.2,2.2,2.2,2.2
Pyhäjärvi,2.1,2.1,2.1,2.1,2.0,2.0,2.0,2.0,2.0,2.0,1.9,1.9
Pyhäntä,2.5,2.5,2.4,2.4,2.4,2.4,2.4,2.4,2.4,2.4,2.4,2.4
Raahe,2.2,2.2,2.2,2.2,2.2,2.2,2.2,2.1,2.1,2.1,2.1,2.1
Reisjärvi,2.5,2.5,2.4,2.4,2.4,2.4,2.4,2.3,2.3,2.3,2.3,2.3
Sievi,2.8,2.8,2.8,2.7,2.7,2.7,2.7,2.7,2.6,2.6,2.6,2.6
Siikajoki,2.4,2.4,2.4,2.4,2.4,2.4,2.4,2.3,2.3,2.3,2.3,2.3
Siikalatva,2.2,2.2,2.2,2.1,2.1,2.1,2.1,2.1,2.0,2.0,2.0,2.0
Taivalkoski,2.4,2.4,2.3,2.3,2.3,2.2,2.2,2.2,2.1,2.1,2.1,2.1
Tyrnävä,2.9,2.9,3.0,2.9,3.0,3.0,2.9,2.9,2.9,2.9,2.8,2.8
Utajärvi,2.3,2.3,2.2,2.2,2.2,2.2,2.2,2.1,2.1,2.1,2.0,2.0
Vaala,2.0,2.0,2.0,2.0,2.0,1.9,1.9,1.9,1.9,1.9,1.9,1.8
Ylivieska,2.3,2.2,2.2,2.2,2.2,2.2,2.2,2.2,2.2,2.2,2.2,2.1
Hyrynsalmi,2.0,2.0,2.0,2.0,1.9,1.9,1.9,1.9,1.9,1.9,1.8,1.8
Kajaani,2.0,2.0,2.0,2.0,2.0,2.0,2.0,2.0,1.9,1.9,1.9,1.9
Kuhmo,2.0,2.0,2.0,2.0,1.9,1.9,1.9,1.9,1.9,1.8,1.8,1.8
Paltamo,2.1,2.1,2.0,2.0,2.0,2.0,2.0,2.0,1.9,1.9,1.9,1.9
Puolanka,2.0,2.0,2.0,1.9,1.9,1.9,1.9,1.9,1.8,1.8,1.8,1.8
Ristijärvi,2.1,2.0,2.0,2.0,2.0,2.0,1.9,1.9,1.9,1.9,1.9,1.8
Sotkamo,2.2,2.1,2.1,2.1,2.1,2.1,2.1,2.1,2.0,2.0,2.0,2.0
Suomussalmi,2.1,2.0,2.0,2.0,2.0,1.9,1.9,1.9,1.9,1.9,1.9,1.8
Enontekiö,2.1,2.1,2.1,2.1,2.1,2.1,2.1,2.1,2.1,2.1,2.1,2.1
Inari,2.1,2.1,2.1,2.0,2.0,2.0,2.0,2.0,2.0,2.0,2.0,2.0
Kemi,1.9,1.9,1.9,1.9,1.9,1.9,1.8,1.8,1.8,1.8,1.8,1.8
Kemijärvi,1.9,1.9,1.9,1.9,1.9,1.8,1.8,1.8,1.8,1.8,1.8,1.8
Keminmaa,2.3,2.3,2.3,2.3,2.2,2.2,2.2,2.2,2.2,2.1,2.1,2.1
Kittilä,2.1,2.1,2.1,2.1,2.1,2.1,2.1,2.0,2.0,2.0,2.0,2.0
Kolari,2.2,2.1,2.1,2.1,2.1,2.1,2.0,2.1,2.0,2.0,2.0,2.0
Muonio,2.2,2.2,2.2,2.2,2.2,2.2,2.2,2.2,2.2,2.2,2.1,2.1
Pelkosenniemi,1.9,1.9,1.8,1.8,1.8,1.8,1.8,1.9,1.8,1.8,1.8,1.8
Pello,2.1,2.0,2.0,2.0,2.0,1.9,1.9,1.9,1.9,1.9,1.9,1.9
Posio,2.2,2.2,2.1,2.1,2.1,2.0,2.0,2.0,2.0,1.9,1.9,1.9
Ranua,2.4,2.4,2.4,2.4,2.3,2.3,2.3,2.3,2.2,2.2,2.2,2.2
Rovaniemi,2.0,2.0,2.0,2.0,2.0,2.0,2.0,2.0,1.9,1.9,1.9,1.9
Salla,2.0,2.0,2.0,2.0,1.9,1.9,1.9,1.9,1.9,1.8,1.8,1.8
Savukoski,2.1,2.1,2.0,2.0,2.0,2.0,2.0,2.0,2.0,1.9,2.0,1.9
Simo,2.3,2.3,2.3,2.3,2.2,2.2,2.2,2.1,2.1,2.1,2.1,2.1
Sodankylä,2.1,2.1,2.1,2.1,2.1,2.1,2.0,2.0,2.0,2.0,1.9,1.9
Tervola,2.2,2.1,2.1,2.1,2.1,2.1,2.1,2.0,2.0,2.0,2.0,2.0
Tornio,2.2,2.2,2.2,2.2,2.2,2.1,2.1,2.1,2.1,2.1,2.1,2.0
Utsjoki,2.1,2.1,2.1,2.0,2.0,2.0,2.0,2.0,2.0,2.0,1.9,1.9
Ylitornio,2.1,2.1,2.1,2.1,2.0,2.0,2.0,2.0,1.9,1.9,1.9,1.9
Brändö,2.1,2.1,2.1,2.1,2.0,2.0,2.0,1.9,1.9,1.9,1.9,1.9
Eckerö,2.2,2.1,2.1,2.1,2.1,2.0,2.0,2.0,2.0,2.0,2.0,2.0
Finström,2.3,2.3,2.3,2.3,2.3,2.2,2.3,2.2,2.2,2.2,2.2,2.2
Föglö,2.1,2.1,2.1,2.0,2.0,2.0,2.1,2.0,2.0,2.0,2.0,2.0
Geta,2.2,2.2,2.2,2.1,2.1,2.2,2.1,2.1,2.2,2.2,2.2,2.2
Hammarland,2.3,2.3,2.3,2.2,2.2,2.2,2.2,2.2,2.2,2.2,2.2,2.2
Jomala,2.5,2.5,2.5,2.5,2.5,2.5,2.5,2.5,2.5,2.5,2.4,2.4
Kumlinge,2.1,2.1,2.0,2.0,2.0,1.9,1.9,1.9,1.9,1.9,1.9,1.9
Kökar,2.0,2.0,2.0,2.0,2.0,2.0,2.0,1.9,1.9,1.9,1.9,1.9
Lemland,2.5,2.5,2.5,2.5,2.5,2.4,2.4,2.4,2.4,2.4,2.4,2.4
Lumparland,2.2,2.2,2.2,2.2,2.2,2.3,2.2,2.2,2.2,2.1,2.1,2.1
Maarianhamina,1.9,1.9,1.9,1.9,1.9,1.9,1.9,1.9,1.9,1.9,1.9,1.9
Saltvik,2.3,2.2,2.2,2.2,2.2,2.2,2.2,2.2,2.2,2.2,2.2,2.1
Sottunga,2.1,1.9,1.9,1.7,1.7,1.7,1.7,1.6,1.6,1.6,1.7,1.7
Sund,2.1,2.1,2.1,2.1,2.1,2.1,2.1,2.1,2.1,2.0,2.0,2.0
Vårdö,2.3,2.3,2.3,2.2,2.2,2.2,2.2,2.1,2.2,2.2,2.2,2.2
